date,YEAR,DOY,temperature_2m_c,relative_humidity_pct,precipitation_imerg_mm,precip_7d_sum,precip_7d_mean,humidity_lag1,temp_lag1,heat_humidity_index,stagnant_water_count,stagnant_water_area_px,garbage_count,vegetation_anomaly_score,dew_frost_point_c,wind_speed_10m_ms,all_sky_insolation_clearness
2023-01-01,2023,1,18.65,77.15,0.0,0.0,0.0,77.15,18.65,20.110037110939935,0.0,0.0,0.0,0.0,0.0,0.0,0.0
2023-01-02,2023,2,18.83,81.6,0.0,0.0,0.0,77.15,18.65,20.670226319758143,0.0,0.0,0.0,0.0,0.0,0.0,0.0
2023-01-03,2023,3,19.05,80.88,0.0,0.0,0.0,81.6,18.83,20.918615216881424,0.0,0.0,0.0,0.0,0.0,0.0,0.0
2023-01-04,2023,4,19.25,80.87,0.0,0.0,0.0,80.88,19.05,21.191371383472227,0.0,0.0,0.0,0.0,0.0,0.0,0.0
2023-01-05,2023,5,18.5,81.27,0.0,0.0,0.0,80.87,19.25,20.197943528945174,0.0,0.0,0.0,0.0,0.0,0.0,0.0
2023-01-06,2023,6,19.14,82.8,0.0,0.0,0.0,81.27,18.5,21.18168412001561,0.0,0.0,0.0,0.0,0.0,0.0,0.0
2023-01-07,2023,7,19.5,83.15,0.0,0.0,0.0,82.8,19.14,21.704483665458202,0.0,0.0,0.0,0.0,0.0,0.0,0.0
2023-01-08,2023,8,19.05,80.76,0.0,0.0,0.0,83.15,19.5,20.90990807264273,0.0,0.0,0.0,0.0,0.0,0.0,0.0
2023-01-09,2023,9,17.21,71.6,0.0,0.0,0.0,80.76,19.05,17.838984784880136,0.0,0.0,0.0,0.0,0.0,0.0,0.0
2023-01-10,2023,10,16.9,75.23,0.0,0.0,0.0,71.6,17.21,17.669227676589355,0.0,0.0,0.0,0.0,0.0,0.0,0.0
2023-01-11,2023,11,16.96,70.97,0.0,0.0,0.0,75.23,16.9,17.476287953124285,0.0,0.0,0.0,0.0,0.0,0.0,0.0
2023-01-12,2023,12,17.98,65.29,0.0,0.0,0.0,70.97,16.96,18.410798963254493,0.0,0.0,0.0,0.0,0.0,0.0,0.0
2023-01-13,2023,13,18.2,71.65,0.0,0.0,0.0,65.29,17.98,19.129991709196588,0.0,0.0,0.0,0.0,0.0,0.0,0.0
2023-01-14,2023,14,17.78,68.18,0.0,0.0,0.0,71.65,18.2,18.34913260732872,0.0,0.0,0.0,0.0,0.0,0.0,0.0
2023-01-15,2023,15,17.92,68.68,0.0,0.0,0.0,68.18,17.78,18.563323872592296,0.0,0.0,0.0,0.0,0.0,0.0,0.0
2023-01-16,2023,16,18.59,68.52,0.0,0.0,0.0,68.68,17.92,19.421131703318853,0.0,0.0,0.0,0.0,0.0,0.0,0.0
2023-01-17,2023,17,18.12,70.56,0.0,0.0,0.0,68.52,18.59,18.950698119968735,0.0,0.0,0.0,0.0,0.0,0.0,0.0
2023-01-18,2023,18,18.42,73.63,0.0,0.0,0.0,70.56,18.12,19.55652153938354,0.0,0.0,0.0,0.0,0.0,0.0,0.0
2023-01-19,2023,19,18.12,70.29,0.0,0.0,0.0,73.63,18.42,18.932213305734162,0.0,0.0,0.0,0.0,0.0,0.0,0.0
2023-01-20,2023,20,18.66,79.34,0.0,0.0,0.0,70.29,18.12,20.278535678893864,0.0,0.0,0.0,0.0,0.0,0.0,0.0
2023-01-21,2023,21,19.09,76.46,0.0,0.0,0.0,79.34,18.66,20.651736545121658,0.0,0.0,0.0,0.0,0.0,0.0,0.0
2023-01-22,2023,22,18.95,70.76,0.0,0.0,0.0,76.46,19.09,20.052426719012608,0.0,0.0,0.0,0.0,0.0,0.0,0.0
2023-01-23,2023,23,20.56,79.12,0.0,0.0,0.0,70.76,18.95,22.863470963936038,0.0,0.0,0.0,0.0,0.0,0.0,0.0
2023-01-24,2023,24,20.8,75.6,0.36,0.36,0.05142857142857143,79.12,20.56,22.912577914786258,0.0,0.0,0.0,0.0,0.0,0.0,0.0
2023-01-25,2023,25,19.36,73.1,0.0,0.36,0.05142857142857143,75.6,20.8,20.76736479826073,0.0,0.0,0.0,0.0,0.0,0.0,0.0
2023-01-26,2023,26,19.4,70.79,0.0,0.36,0.05142857142857143,73.1,19.36,20.649515522161508,0.0,0.0,0.0,0.0,0.0,0.0,0.0
2023-01-27,2023,27,18.34,68.25,0.0,0.36,0.05142857142857143,70.79,19.4,19.0774216751414,0.0,0.0,0.0,0.0,0.0,0.0,0.0
2023-01-28,2023,28,18.62,63.19,0.0,0.36,0.05142857142857143,68.25,18.34,19.08369019098424,0.0,0.0,0.0,0.0,0.0,0.0,0.0
2023-01-29,2023,29,19.98,68.34,0.0,0.36,0.05142857142857143,63.19,18.62,21.233278461874285,0.0,0.0,0.0,0.0,0.0,0.0,0.0
2023-01-30,2023,30,21.06,77.03,0.02,0.38,0.054285714285714284,68.34,19.98,23.38837670033402,0.0,0.0,0.0,0.0,0.0,0.0,0.0
2023-01-31,2023,31,21.05,69.47,0.0,0.02,0.002857142857142857,77.03,21.06,22.75378898510312,0.0,0.0,0.0,0.0,0.0,0.0,0.0
2023-02-01,2023,32,21.18,62.72,0.0,0.02,0.002857142857142857,69.47,21.05,22.37077441037043,0.0,0.0,0.0,0.0,0.0,0.0,0.0
2023-02-02,2023,33,21.04,68.09,0.01,0.03,0.004285714285714286,62.72,21.18,22.627058145437758,0.0,0.0,0.0,0.0,0.0,0.0,0.0
2023-02-03,2023,34,22.09,69.86,0.0,0.03,0.004285714285714286,68.09,21.04,24.20191643247617,0.0,0.0,0.0,0.0,0.0,0.0,0.0
2023-02-04,2023,35,21.99,63.35,0.0,0.03,0.004285714285714286,69.86,22.09,23.49874748550648,0.0,0.0,0.0,0.0,0.0,0.0,0.0
2023-02-05,2023,36,22.14,62.21,0.0,0.03,0.004285714285714286,63.35,21.99,23.599206910895997,0.0,0.0,0.0,0.0,0.0,0.0,0.0
2023-02-06,2023,37,21.31,63.21,0.0,0.01,0.0014285714285714286,62.21,22.14,22.583128763823346,0.0,0.0,0.0,0.0,0.0,0.0,0.0
2023-02-07,2023,38,21.3,61.93,0.0,0.01,0.0014285714285714286,63.21,21.31,22.463187613299308,0.0,0.0,0.0,0.0,0.0,0.0,0.0
2023-02-08,2023,39,22.11,62.56,0.0,0.01,0.0014285714285714286,61.93,21.3,23.589915203351687,0.0,0.0,0.0,0.0,0.0,0.0,0.0
2023-02-09,2023,40,21.7,62.96,0.0,0.0,0.0,62.56,22.11,23.078930848894316,0.0,0.0,0.0,0.0,0.0,0.0,0.0
2023-02-10,2023,41,21.81,61.28,0.0,0.0,0.0,62.96,21.7,23.08063845247276,0.0,0.0,0.0,0.0,0.0,0.0,0.0
2023-02-11,2023,42,22.14,53.37,0.0,0.0,0.0,61.28,21.81,22.823457206791826,0.0,0.0,0.0,0.0,0.0,0.0,0.0
2023-02-12,2023,43,22.22,51.62,0.0,0.0,0.0,53.37,22.14,22.771967375900044,0.0,0.0,0.0,0.0,0.0,0.0,0.0
2023-02-13,2023,44,21.94,51.59,0.0,0.0,0.0,51.62,22.22,22.41249352508695,0.0,0.0,0.0,0.0,0.0,0.0,0.0
2023-02-14,2023,45,21.52,53.55,0.0,0.0,0.0,51.59,21.94,22.044996875749842,0.0,0.0,0.0,0.0,0.0,0.0,0.0
2023-02-15,2023,46,21.57,53.13,0.0,0.0,0.0,53.55,21.52,22.0732386699766,0.0,0.0,0.0,0.0,0.0,0.0,0.0
2023-02-16,2023,47,21.67,55.6,0.0,0.0,0.0,53.13,21.57,22.411449045898664,0.0,0.0,0.0,0.0,0.0,0.0,0.0
2023-02-17,2023,48,21.55,57.91,0.0,0.0,0.0,55.6,21.67,22.452394306041793,0.0,0.0,0.0,0.0,0.0,0.0,0.0
2023-02-18,2023,49,21.69,58.37,0.0,0.0,0.0,57.91,21.55,22.67374684353755,0.0,0.0,0.0,0.0,0.0,0.0,0.0
2023-02-19,2023,50,22.03,57.71,0.0,0.0,0.0,58.37,21.69,23.060539884361248,0.0,0.0,0.0,0.0,0.0,0.0,0.0
2023-02-20,2023,51,22.37,52.91,0.0,0.0,0.0,57.71,22.03,23.078417887731707,0.0,0.0,0.0,0.0,0.0,0.0,0.0
2023-02-21,2023,52,22.52,53.8,0.0,0.0,0.0,52.91,22.37,23.35137839692294,0.0,0.0,0.0,0.0,0.0,0.0,0.0
2023-02-22,2023,53,22.29,52.78,0.0,0.0,0.0,53.8,22.52,22.964092190099617,0.0,0.0,0.0,0.0,0.0,0.0,0.0
2023-02-23,2023,54,21.52,50.77,0.0,0.0,0.0,52.78,22.29,21.810085740090003,0.0,0.0,0.0,0.0,0.0,0.0,0.0
2023-02-24,2023,55,21.79,43.37,0.0,0.0,0.0,50.77,21.52,21.51567010998173,0.0,0.0,0.0,0.0,0.0,0.0,0.0
2023-02-25,2023,56,22.68,40.17,0.0,0.0,0.0,43.37,21.79,22.3225084233422,0.0,0.0,0.0,0.0,0.0,0.0,0.0
2023-02-26,2023,57,22.35,47.75,0.0,0.0,0.0,40.17,22.68,22.59407841225854,0.0,0.0,0.0,0.0,0.0,0.0,0.0
2023-02-27,2023,58,21.45,44.79,0.0,0.0,0.0,47.75,22.35,21.21861814054417,0.0,0.0,0.0,0.0,0.0,0.0,0.0
2023-02-28,2023,59,23.06,56.84,0.0,0.0,0.0,44.79,21.45,24.333886037861653,0.0,0.0,0.0,0.0,0.0,0.0,0.0
2023-03-01,2023,60,23.21,53.96,0.0,0.0,0.0,56.84,23.06,24.262185312483204,0.0,0.0,0.0,0.0,0.0,0.0,0.0
2023-03-02,2023,61,21.87,44.38,0.0,0.0,0.0,53.96,23.21,21.701067112943992,0.0,0.0,0.0,0.0,0.0,0.0,0.0
2023-03-03,2023,62,22.23,42.38,0.0,0.0,0.0,44.38,21.87,21.96943488247824,0.0,0.0,0.0,0.0,0.0,0.0,0.0
2023-03-04,2023,63,22.66,38.03,0.0,0.0,0.0,42.38,22.23,22.104285132076377,0.0,0.0,0.0,0.0,0.0,0.0,0.0
2023-03-05,2023,64,22.99,39.88,0.0,0.0,0.0,38.03,22.66,22.67464766383928,0.0,0.0,0.0,0.0,0.0,0.0,0.0
2023-03-06,2023,65,23.14,38.68,0.81,0.81,0.11571428571428573,39.88,22.99,22.74628504854495,0.0,0.0,0.0,0.0,0.0,0.0,0.0
2023-03-07,2023,66,23.57,41.3,0.0,0.81,0.11571428571428573,38.68,23.14,23.521596120047615,0.0,0.0,0.0,0.0,0.0,0.0,0.0
2023-03-08,2023,67,23.03,45.39,0.0,0.81,0.11571428571428573,41.3,23.57,23.233878735284875,0.0,0.0,0.0,0.0,0.0,0.0,0.0
2023-03-09,2023,68,22.69,46.54,0.0,0.81,0.11571428571428573,45.39,23.03,22.912678941408657,0.0,0.0,0.0,0.0,0.0,0.0,0.0
2023-03-10,2023,69,23.53,46.76,0.0,0.81,0.11571428571428573,46.54,22.69,23.993259652697468,0.0,0.0,0.0,0.0,0.0,0.0,0.0
2023-03-11,2023,70,24.02,50.51,0.0,0.81,0.11571428571428573,46.76,23.53,24.985150339169245,0.0,0.0,0.0,0.0,0.0,0.0,0.0
2023-03-12,2023,71,24.43,50.8,0.0,0.81,0.11571428571428573,50.51,24.02,25.547682274678927,0.0,0.0,0.0,0.0,0.0,0.0,0.0
2023-03-13,2023,72,25.39,45.74,0.0,0.0,0.0,50.8,24.43,26.268913870516982,0.0,0.0,0.0,0.0,0.0,0.0,0.0
2023-03-14,2023,73,26.26,42.42,0.0,0.0,0.0,45.74,25.39,27.023569257859158,0.0,0.0,0.0,0.0,0.0,0.0,0.0
2023-03-15,2023,74,26.8,47.79,0.0,0.0,0.0,42.42,26.26,28.339721682203972,0.0,0.0,0.0,0.0,0.0,0.0,0.0
2023-03-16,2023,75,26.35,56.12,9.34,9.34,1.3342857142857143,47.79,26.8,28.685510007933132,0.0,0.0,0.0,0.0,0.0,0.0,0.0
2023-03-17,2023,76,23.86,72.99,4.51,13.85,1.9785714285714284,56.12,26.35,26.96642954999865,0.0,0.0,0.0,0.0,0.0,0.0,0.0
2023-03-18,2023,77,24.51,72.39,0.93,14.78,2.111428571428571,72.99,23.86,27.837625075350292,0.0,0.0,0.0,0.0,0.0,0.0,0.0
2023-03-19,2023,78,24.87,65.65,0.0,14.78,2.111428571428571,72.39,24.51,27.659557937669668,0.0,0.0,0.0,0.0,0.0,0.0,0.0
2023-03-20,2023,79,24.16,55.41,0.0,14.78,2.111428571428571,65.65,24.87,25.652689924312696,0.0,0.0,0.0,0.0,0.0,0.0,0.0
2023-03-21,2023,80,24.27,44.89,0.0,14.78,2.111428571428571,55.41,24.16,24.749249961241105,0.0,0.0,0.0,0.0,0.0,0.0,0.0
2023-03-22,2023,81,25.32,49.42,0.0,14.78,2.111428571428571,44.89,24.27,26.569600502097533,0.0,0.0,0.0,0.0,0.0,0.0,0.0
2023-03-23,2023,82,27.18,52.69,0.0,5.4399999999999995,0.777142857142857,49.42,25.32,29.42523592741663,0.0,0.0,0.0,0.0,0.0,0.0,0.0
2023-03-24,2023,83,26.83,58.81,0.0,0.93,0.13285714285714287,52.69,27.18,29.659147692902614,0.0,0.0,0.0,0.0,0.0,0.0,0.0
2023-03-25,2023,84,25.71,68.03,0.0,0.0,0.0,58.81,26.83,29.10536689031933,0.0,0.0,0.0,0.0,0.0,0.0,0.0
2023-03-26,2023,85,25.4,66.28,0.0,0.0,0.0,68.03,25.71,28.474032523580433,0.0,0.0,0.0,0.0,0.0,0.0,0.0
2023-03-27,2023,86,26.55,56.39,0.0,0.0,0.0,66.28,25.4,28.991339285495805,0.0,0.0,0.0,0.0,0.0,0.0,0.0
2023-03-28,2023,87,27.8,53.22,0.0,0.0,0.0,56.39,26.55,30.34053138584492,0.0,0.0,0.0,0.0,0.0,0.0,0.0
2023-03-29,2023,88,27.96,53.94,2.0,2.0,0.2857142857142857,53.22,27.8,30.65103542433475,0.0,0.0,0.0,0.0,0.0,0.0,0.0
2023-03-30,2023,89,27.38,53.19,0.0,2.0,0.2857142857142857,53.94,27.96,29.758650986078898,0.0,0.0,0.0,0.0,0.0,0.0,0.0
2023-03-31,2023,90,27.67,49.94,0.16,2.16,0.3085714285714286,53.19,27.38,29.761120336782227,0.0,0.0,0.0,0.0,0.0,0.0,0.0
2023-04-01,2023,91,26.88,56.61,0.0,2.16,0.3085714285714286,49.94,27.67,29.472985377248087,0.0,0.0,0.0,0.0,0.0,0.0,0.0
2023-04-02,2023,92,27.75,52.1,0.0,2.16,0.3085714285714286,56.61,26.88,30.134267381437176,0.0,0.0,0.0,0.0,0.0,0.0,0.0
2023-04-03,2023,93,28.29,49.07,4.9,7.0600000000000005,1.0085714285714287,52.1,27.75,30.494750025188736,0.0,0.0,0.0,0.0,0.0,0.0,0.0
2023-04-04,2023,94,26.13,66.0,0.04,7.1000000000000005,1.0142857142857145,49.07,28.29,29.48491618309516,0.0,0.0,0.0,0.0,0.0,0.0,0.0
2023-04-05,2023,95,27.07,56.15,0.0,5.1000000000000005,0.7285714285714286,66.0,26.13,29.682628613399324,0.0,0.0,0.0,0.0,0.0,0.0,0.0
2023-04-06,2023,96,26.96,53.64,0.0,5.1000000000000005,0.7285714285714286,56.15,27.07,29.236456694876523,0.0,0.0,0.0,0.0,0.0,0.0,0.0
2023-04-07,2023,97,26.76,52.49,0.0,4.94,0.7057142857142857,53.64,26.96,28.830269950966745,0.0,0.0,0.0,0.0,0.0,0.0,0.0
2023-04-08,2023,98,26.25,50.69,0.0,4.94,0.7057142857142857,52.49,26.76,27.938899022746536,0.0,0.0,0.0,0.0,0.0,0.0,0.0
2023-04-09,2023,99,26.92,48.56,0.0,4.94,0.7057142857142857,50.69,26.25,28.58873551381896,0.0,0.0,0.0,0.0,0.0,0.0,0.0
2023-04-10,2023,100,27.38,43.49,0.0,0.04,0.005714285714285714,48.56,26.92,28.595407621443343,0.0,0.0,0.0,0.0,0.0,0.0,0.0
2023-04-11,2023,101,27.55,32.85,0.0,0.0,0.0,43.49,27.38,27.52873185849369,0.0,0.0,0.0,0.0,0.0,0.0,0.0
2023-04-12,2023,102,27.19,31.04,0.0,0.0,0.0,32.85,27.55,26.87125969181018,0.0,0.0,0.0,0.0,0.0,0.0,0.0
2023-04-13,2023,103,29.22,27.11,0.0,0.0,0.0,31.04,27.19,28.837351667586617,0.0,0.0,0.0,0.0,0.0,0.0,0.0
2023-04-14,2023,104,28.31,27.88,0.0,0.0,0.0,27.11,29.22,27.839432932058102,0.0,0.0,0.0,0.0,0.0,0.0,0.0
2023-04-15,2023,105,28.5,32.9,0.0,0.0,0.0,27.88,28.31,28.711062103415365,0.0,0.0,0.0,0.0,0.0,0.0,0.0
2023-04-16,2023,106,27.87,32.62,0.0,0.0,0.0,32.9,28.5,27.895242669861837,0.0,0.0,0.0,0.0,0.0,0.0,0.0
2023-04-17,2023,107,27.95,33.02,0.0,0.0,0.0,32.62,27.87,28.04361348642967,0.0,0.0,0.0,0.0,0.0,0.0,0.0
2023-04-18,2023,108,28.87,35.03,0.0,0.0,0.0,33.02,27.95,29.450698598369456,0.0,0.0,0.0,0.0,0.0,0.0,0.0
2023-04-19,2023,109,29.41,32.76,0.0,0.0,0.0,35.03,28.87,29.8293270388587,0.0,0.0,0.0,0.0,0.0,0.0,0.0
2023-04-20,2023,110,30.85,34.37,0.0,0.0,0.0,32.76,29.41,31.884786570984282,0.0,0.0,0.0,0.0,0.0,0.0,0.0
2023-04-21,2023,111,29.99,43.57,6.93,6.93,0.99,34.37,30.85,32.0666083752874,0.0,0.0,0.0,0.0,0.0,0.0,0.0
2023-04-22,2023,112,29.42,48.39,0.66,7.59,1.0842857142857143,43.57,29.99,31.951572286128,0.0,0.0,0.0,0.0,0.0,0.0,0.0
2023-04-23,2023,113,28.09,56.15,0.0,7.59,1.0842857142857143,48.39,29.42,31.108018258840218,0.0,0.0,0.0,0.0,0.0,0.0,0.0
2023-04-24,2023,114,28.24,50.47,0.6,8.19,1.17,56.15,28.09,30.60328496927339,0.0,0.0,0.0,0.0,0.0,0.0,0.0
2023-04-25,2023,115,28.1,50.84,0.02,8.209999999999999,1.1728571428571428,50.47,28.24,30.458030841383575,0.0,0.0,0.0,0.0,0.0,0.0,0.0
2023-04-26,2023,116,27.82,51.0,0.12,8.33,1.19,50.84,28.1,30.09500584045395,0.0,0.0,0.0,0.0,0.0,0.0,0.0
2023-04-27,2023,117,28.56,49.97,0.0,8.33,1.19,51.0,27.82,30.97821535146346,0.0,0.0,0.0,0.0,0.0,0.0,0.0
2023-04-28,2023,118,29.28,45.38,0.0,1.4,0.19999999999999998,49.97,28.56,31.356125881157354,0.0,0.0,0.0,0.0,0.0,0.0,0.0
2023-04-29,2023,119,27.65,61.08,7.42,8.16,1.1657142857142857,45.38,29.28,31.091171319311655,0.0,0.0,0.0,0.0,0.0,0.0,0.0
2023-04-30,2023,120,26.47,66.83,8.84,17.0,2.4285714285714284,61.08,27.65,30.068054523360296,0.0,0.0,0.0,0.0,0.0,0.0,0.0
2023-05-01,2023,121,24.26,79.98,4.98,21.38,3.0542857142857143,66.83,26.47,28.23585600862124,0.0,0.0,0.0,0.0,0.0,0.0,0.0
2023-05-02,2023,122,25.62,72.31,1.24,22.599999999999998,3.228571428571428,79.98,24.26,29.43887578379112,0.0,0.0,0.0,0.0,0.0,0.0,0.0
2023-05-03,2023,123,25.46,74.23,8.72,31.200000000000003,4.457142857142857,72.31,25.62,29.41076596310647,0.0,0.0,0.0,0.0,0.0,0.0,0.0
2023-05-04,2023,124,24.63,75.9,6.15,37.35,5.335714285714286,74.23,25.46,28.36814120660255,0.0,0.0,0.0,0.0,0.0,0.0,0.0
2023-05-05,2023,125,22.88,85.2,5.19,42.540000000000006,6.077142857142858,75.9,24.63,26.69976140356012,0.0,0.0,0.0,0.0,0.0,0.0,0.0
2023-05-06,2023,126,23.95,81.17,8.54,43.66,6.237142857142857,85.2,22.88,27.895626931150282,0.0,0.0,0.0,0.0,0.0,0.0,0.0
2023-05-07,2023,127,24.52,80.24,12.46,47.28,6.7542857142857144,81.17,23.95,28.647086394562997,0.0,0.0,0.0,0.0,0.0,0.0,0.0
2023-05-08,2023,128,24.47,80.06,10.24,52.54,7.505714285714285,80.24,24.52,28.55468083383039,0.0,0.0,0.0,0.0,0.0,0.0,0.0
2023-05-09,2023,129,26.93,70.1,0.34,51.64,7.377142857142857,80.06,24.47,31.118043214499117,0.0,0.0,0.0,0.0,0.0,0.0,0.0
2023-05-10,2023,130,27.25,64.17,0.0,42.92,6.131428571428572,70.1,26.93,30.887143163263403,0.0,0.0,0.0,0.0,0.0,0.0,0.0
2023-05-11,2023,131,27.85,64.97,1.72,38.49,5.498571428571429,64.17,27.25,31.85783975463478,0.0,0.0,0.0,0.0,0.0,0.0,0.0
2023-05-12,2023,132,28.17,61.97,1.36,34.66,4.951428571428571,64.97,27.85,31.951521813355193,0.0,0.0,0.0,0.0,0.0,0.0,0.0
2023-05-13,2023,133,27.41,67.41,0.53,26.650000000000002,3.8071428571428574,61.97,28.17,31.508120704587185,0.0,0.0,0.0,0.0,0.0,0.0,0.0
2023-05-14,2023,134,28.14,64.05,0.0,14.190000000000001,2.027142857142857,67.41,27.41,32.1687041207726,0.0,0.0,0.0,0.0,0.0,0.0,0.0
2023-05-15,2023,135,28.16,61.96,0.0,3.95,0.5642857142857143,64.05,28.14,31.935748940207276,0.0,0.0,0.0,0.0,0.0,0.0,0.0
2023-05-16,2023,136,29.36,55.12,0.05,3.66,0.5228571428571429,61.96,28.16,32.774328780409284,0.0,0.0,0.0,0.0,0.0,0.0,0.0
2023-05-17,2023,137,29.1,50.52,0.0,3.66,0.5228571428571429,55.12,29.36,31.794534994363048,0.0,0.0,0.0,0.0,0.0,0.0,0.0
2023-05-18,2023,138,29.27,54.37,0.0,1.9400000000000002,0.2771428571428572,50.52,29.1,32.545644571302184,0.0,0.0,0.0,0.0,0.0,0.0,0.0
2023-05-19,2023,139,27.13,65.41,0.0,0.5800000000000001,0.08285714285714287,54.37,29.27,30.86025912070879,0.0,0.0,0.0,0.0,0.0,0.0,0.0
2023-05-20,2023,140,27.92,64.58,5.47,5.52,0.7885714285714285,65.41,27.13,31.912264140771455,0.0,0.0,0.0,0.0,0.0,0.0,0.0
2023-05-21,2023,141,27.6,67.94,14.32,19.84,2.834285714285714,64.58,27.92,31.852804695146503,0.0,0.0,0.0,0.0,0.0,0.0,0.0
2023-05-22,2023,142,27.84,63.54,13.36,33.2,4.742857142857143,67.94,27.6,31.66702799245934,0.0,0.0,0.0,0.0,0.0,0.0,0.0
2023-05-23,2023,143,27.04,64.18,9.82,42.97,6.138571428571429,63.54,27.84,30.585031533740043,0.0,0.0,0.0,0.0,0.0,0.0,0.0
2023-05-24,2023,144,26.28,68.83,0.69,43.660000000000004,6.2371428571428575,64.18,27.04,30.01840227571452,0.0,0.0,0.0,0.0,0.0,0.0,0.0
2023-05-25,2023,145,26.83,68.12,2.83,46.49,6.6414285714285715,68.83,26.28,30.74024555076562,0.0,0.0,0.0,0.0,0.0,0.0,0.0
2023-05-26,2023,146,27.16,63.72,0.0,46.49,6.6414285714285715,68.12,26.83,30.703765439797806,0.0,0.0,0.0,0.0,0.0,0.0,0.0
2023-05-27,2023,147,27.97,63.0,0.0,41.019999999999996,5.859999999999999,63.72,27.16,31.789437968015847,0.0,0.0,0.0,0.0,0.0,0.0,0.0
2023-05-28,2023,148,27.89,59.35,0.0,26.7,3.814285714285714,63.0,27.97,31.222201005861116,0.0,0.0,0.0,0.0,0.0,0.0,0.0
2023-05-29,2023,149,28.48,58.85,4.18,17.52,2.5028571428571427,59.35,27.89,32.003830481500884,0.0,0.0,0.0,0.0,0.0,0.0,0.0
2023-05-30,2023,150,25.92,74.05,20.85,28.55,4.078571428571428,58.85,28.48,30.070342836787574,0.0,0.0,0.0,0.0,0.0,0.0,0.0
2023-05-31,2023,151,26.75,64.21,0.38,28.24,4.034285714285714,74.05,25.92,30.17128624716699,0.0,0.0,0.0,0.0,0.0,0.0,0.0
2023-06-01,2023,152,25.87,72.48,12.08,37.49,5.355714285714286,64.21,26.75,29.824008915577338,0.0,0.0,0.0,0.0,0.0,0.0,0.0
2023-06-02,2023,153,26.09,64.17,0.46,37.95,5.421428571428572,72.48,25.87,29.2241323714603,0.0,0.0,0.0,0.0,0.0,0.0,0.0
2023-06-03,2023,154,28.24,62.84,0.0,37.95,5.421428571428572,64.17,26.09,32.16290127737547,0.0,0.0,0.0,0.0,0.0,0.0,0.0
2023-06-04,2023,155,27.64,65.83,0.0,37.95,5.421428571428572,62.84,28.24,31.655173327035,0.0,0.0,0.0,0.0,0.0,0.0,0.0
2023-06-05,2023,156,26.21,71.78,1.09,34.86,4.9799999999999995,65.83,27.64,30.246846084830132,0.0,0.0,0.0,0.0,0.0,0.0,0.0
2023-06-06,2023,157,27.02,69.41,3.3,17.310000000000002,2.4728571428571433,71.78,26.21,31.17031908052656,0.0,0.0,0.0,0.0,0.0,0.0,0.0
2023-06-07,2023,158,26.61,69.33,0.97,17.900000000000002,2.5571428571428574,69.41,27.02,30.557432015588574,0.0,0.0,0.0,0.0,0.0,0.0,0.0
2023-06-08,2023,159,24.99,75.63,1.49,7.31,1.0442857142857143,69.33,26.61,28.86775661265286,0.0,0.0,0.0,0.0,0.0,0.0,0.0
2023-06-09,2023,160,25.88,69.76,0.0,6.85,0.9785714285714285,75.63,24.99,29.54003907042675,0.0,0.0,0.0,0.0,0.0,0.0,0.0
2023-06-10,2023,161,25.97,66.3,0.27,7.119999999999999,1.0171428571428571,69.76,25.88,29.288916324610177,0.0,0.0,0.0,0.0,0.0,0.0,0.0
2023-06-11,2023,162,26.4,66.93,0.83,7.949999999999999,1.1357142857142857,66.3,25.97,29.97814673119592,0.0,0.0,0.0,0.0,0.0,0.0,0.0
2023-06-12,2023,163,25.83,74.28,7.97,14.829999999999998,2.1185714285714283,66.93,26.4,29.962294409060206,0.0,0.0,0.0,0.0,0.0,0.0,0.0
2023-06-13,2023,164,26.58,69.33,5.09,16.619999999999997,2.374285714285714,74.28,25.83,30.513432631878757,0.0,0.0,0.0,0.0,0.0,0.0,0.0
2023-06-14,2023,165,26.06,69.82,0.0,15.649999999999999,2.2357142857142853,69.33,26.58,29.808546849851673,0.0,0.0,0.0,0.0,0.0,0.0,0.0
2023-06-15,2023,166,27.0,65.42,0.0,14.16,2.0228571428571427,69.82,26.06,30.672806582765325,0.0,0.0,0.0,0.0,0.0,0.0,0.0
2023-06-16,2023,167,27.5,63.06,0.0,14.16,2.0228571428571427,65.42,27.0,31.115458552552475,0.0,0.0,0.0,0.0,0.0,0.0,0.0
2023-06-17,2023,168,26.64,67.89,0.64,14.53,2.0757142857142856,63.06,27.5,30.436091713754152,0.0,0.0,0.0,0.0,0.0,0.0,0.0
2023-06-18,2023,169,24.99,73.17,2.24,15.94,2.277142857142857,67.89,26.64,28.611518595105252,0.0,0.0,0.0,0.0,0.0,0.0,0.0
2023-06-19,2023,170,24.94,74.76,4.81,12.780000000000001,1.8257142857142858,73.17,24.99,28.704003539933325,0.0,0.0,0.0,0.0,0.0,0.0,0.0
2023-06-20,2023,171,24.53,77.6,19.18,26.87,3.8385714285714285,74.76,24.94,28.3943883464201,0.0,0.0,0.0,0.0,0.0,0.0,0.0
2023-06-21,2023,172,23.86,80.87,9.87,36.74,5.248571428571429,77.6,24.53,27.733639645271833,0.0,0.0,0.0,0.0,0.0,0.0,0.0
2023-06-22,2023,173,24.99,72.52,1.94,38.68,5.525714285714286,80.87,23.86,28.543813427867057,0.0,0.0,0.0,0.0,0.0,0.0,0.0
2023-06-23,2023,174,24.26,69.89,0.9,39.58,5.654285714285714,72.52,24.99,27.22964961793621,0.0,0.0,0.0,0.0,0.0,0.0,0.0
2023-06-24,2023,175,23.83,80.92,0.47,39.41,5.63,69.89,24.26,27.694336647312017,0.0,0.0,0.0,0.0,0.0,0.0,0.0
2023-06-25,2023,176,23.52,79.61,1.09,38.26,5.465714285714285,80.92,23.83,27.114234654166346,0.0,0.0,0.0,0.0,0.0,0.0,0.0
2023-06-26,2023,177,24.05,69.0,0.36,33.81,4.83,79.61,23.52,26.844928010291977,0.0,0.0,0.0,0.0,0.0,0.0,0.0
2023-06-27,2023,178,24.1,70.19,0.39,15.020000000000003,2.1457142857142864,69.0,24.05,27.032850552485378,0.0,0.0,0.0,0.0,0.0,0.0,0.0
2023-06-28,2023,179,24.66,67.22,0.0,5.150000000000004,0.7357142857142863,70.19,24.1,27.525473433980107,0.0,0.0,0.0,0.0,0.0,0.0,0.0
2023-06-29,2023,180,24.07,73.03,2.52,5.730000000000004,0.8185714285714292,67.22,24.66,27.270413876453603,0.0,0.0,0.0,0.0,0.0,0.0,0.0
2023-06-30,2023,181,24.98,68.22,0.0,4.830000000000004,0.6900000000000005,73.03,24.07,28.081691584740284,0.0,0.0,0.0,0.0,0.0,0.0,0.0
2023-07-01,2023,182,24.26,69.14,3.39,7.7500000000000036,1.1071428571428577,68.22,24.98,27.154857269768346,0.0,0.0,0.0,0.0,0.0,0.0,0.0
2023-07-02,2023,183,23.65,79.63,1.57,8.230000000000004,1.1757142857142864,69.14,24.26,27.305753673986754,0.0,0.0,0.0,0.0,0.0,0.0,0.0
2023-07-03,2023,184,23.74,79.79,0.63,8.500000000000004,1.2142857142857149,79.63,23.65,27.452727757761643,0.0,0.0,0.0,0.0,0.0,0.0,0.0
2023-07-04,2023,185,23.43,80.58,1.11,9.220000000000002,1.3171428571428574,79.79,23.74,27.075244735331605,0.0,0.0,0.0,0.0,0.0,0.0,0.0
2023-07-05,2023,186,22.74,78.43,2.77,11.990000000000002,1.712857142857143,80.58,23.43,25.877700942409852,0.0,0.0,0.0,0.0,0.0,0.0,0.0
2023-07-06,2023,187,23.01,75.64,2.62,12.090000000000003,1.7271428571428575,78.43,22.74,26.007082057080513,0.0,0.0,0.0,0.0,0.0,0.0,0.0
2023-07-07,2023,188,24.22,75.62,1.43,13.520000000000003,1.931428571428572,75.64,23.01,27.74303751047447,0.0,0.0,0.0,0.0,0.0,0.0,0.0
2023-07-08,2023,189,23.87,75.46,2.29,12.420000000000002,1.7742857142857145,75.62,24.22,27.221322499684483,0.0,0.0,0.0,0.0,0.0,0.0,0.0
2023-07-09,2023,190,24.62,74.55,0.43,11.280000000000005,1.611428571428572,75.46,23.87,28.215973603039018,0.0,0.0,0.0,0.0,0.0,0.0,0.0
2023-07-10,2023,191,23.83,77.43,7.71,18.360000000000003,2.622857142857143,74.55,24.62,27.355155543763836,0.0,0.0,0.0,0.0,0.0,0.0,0.0
2023-07-11,2023,192,23.74,72.0,3.53,20.780000000000005,2.9685714285714293,77.43,23.83,26.699724258163158,0.0,0.0,0.0,0.0,0.0,0.0,0.0
2023-07-12,2023,193,23.82,71.06,1.04,19.050000000000004,2.721428571428572,72.0,23.74,26.72193336456055,0.0,0.0,0.0,0.0,0.0,0.0,0.0
2023-07-13,2023,194,24.11,72.79,0.94,17.370000000000005,2.481428571428572,71.06,23.82,27.30396666671514,0.0,0.0,0.0,0.0,0.0,0.0,0.0
2023-07-14,2023,195,23.93,75.6,0.0,15.940000000000003,2.2771428571428576,72.79,24.11,27.321516514779667,0.0,0.0,0.0,0.0,0.0,0.0,0.0
2023-07-15,2023,196,24.34,74.0,2.52,16.17,2.31,75.6,23.93,27.75490130168144,0.0,0.0,0.0,0.0,0.0,0.0,0.0
2023-07-16,2023,197,24.85,74.61,0.78,16.520000000000003,2.3600000000000003,74.0,24.34,28.55702174243688,0.0,0.0,0.0,0.0,0.0,0.0,0.0
2023-07-17,2023,198,24.74,74.87,0.45,9.260000000000003,1.3228571428571434,74.61,24.85,28.423360949386606,0.0,0.0,0.0,0.0,0.0,0.0,0.0
2023-07-18,2023,199,25.12,70.99,0.29,6.020000000000004,0.8600000000000005,74.87,24.74,28.571824238932756,0.0,0.0,0.0,0.0,0.0,0.0,0.0
2023-07-19,2023,200,24.16,75.08,0.44,5.420000000000004,0.7742857142857149,70.99,25.12,27.602540326969812,0.0,0.0,0.0,0.0,0.0,0.0,0.0
2023-07-20,2023,201,24.38,73.48,1.63,6.110000000000003,0.8728571428571433,75.08,24.16,27.76042211821794,0.0,0.0,0.0,0.0,0.0,0.0,0.0
2023-07-21,2023,202,23.88,77.86,0.83,6.940000000000003,0.9914285714285719,73.48,24.38,27.469683006772705,0.0,0.0,0.0,0.0,0.0,0.0,0.0
2023-07-22,2023,203,23.99,74.07,2.09,6.510000000000003,0.9300000000000005,77.86,23.88,27.25802588560319,0.0,0.0,0.0,0.0,0.0,0.0,0.0
2023-07-23,2023,204,24.15,75.63,11.94,17.67,2.5242857142857145,74.07,23.99,27.642573751845926,0.0,0.0,0.0,0.0,0.0,0.0,0.0
2023-07-24,2023,205,23.01,81.57,10.19,27.410000000000004,3.9157142857142864,75.63,24.15,26.55563700946665,0.0,0.0,0.0,0.0,0.0,0.0,0.0
2023-07-25,2023,206,22.11,83.7,16.51,43.63000000000001,6.232857142857144,81.57,23.01,25.441664042847446,0.0,0.0,0.0,0.0,0.0,0.0,0.0
2023-07-26,2023,207,22.53,83.97,7.81,51.0,7.285714285714286,83.7,22.11,26.07529465827759,0.0,0.0,0.0,0.0,0.0,0.0,0.0
2023-07-27,2023,208,22.37,80.03,1.0,50.370000000000005,7.195714285714287,83.97,22.53,25.491804640997326,0.0,0.0,0.0,0.0,0.0,0.0,0.0
2023-07-28,2023,209,24.31,74.36,0.04,49.580000000000005,7.082857142857144,80.03,22.37,27.74762073123741,0.0,0.0,0.0,0.0,0.0,0.0,0.0
2023-07-29,2023,210,24.65,72.08,0.0,47.49,6.784285714285715,74.36,24.31,28.007457201709627,0.0,0.0,0.0,0.0,0.0,0.0,0.0
2023-07-30,2023,211,25.28,70.81,0.0,35.550000000000004,5.078571428571429,72.08,24.65,28.78390138870484,0.0,0.0,0.0,0.0,0.0,0.0,0.0
2023-07-31,2023,212,25.36,70.63,0.01,25.370000000000005,3.624285714285715,70.81,25.28,28.88044251494189,0.0,0.0,0.0,0.0,0.0,0.0,0.0
2023-08-01,2023,213,24.89,71.87,0.03,8.890000000000002,1.2700000000000002,70.63,25.36,28.33168972187901,0.0,0.0,0.0,0.0,0.0,0.0,0.0
2023-08-02,2023,214,25.01,69.9,0.84,1.9200000000000035,0.2742857142857148,71.87,24.89,28.299576654110354,0.0,0.0,0.0,0.0,0.0,0.0,0.0
2023-08-03,2023,215,25.11,70.41,0.0,0.9200000000000035,0.13142857142857192,69.9,25.01,28.496550318514622,0.0,0.0,0.0,0.0,0.0,0.0,0.0
2023-08-04,2023,216,25.38,69.95,0.0,0.8800000000000034,0.1257142857142862,70.41,25.11,28.836879567369877,0.0,0.0,0.0,0.0,0.0,0.0,0.0
2023-08-05,2023,217,25.28,70.28,0.19,1.0700000000000034,0.15285714285714333,69.95,25.38,28.727736048554952,0.0,0.0,0.0,0.0,0.0,0.0,0.0
2023-08-06,2023,218,25.16,72.87,0.0,1.0700000000000034,0.15285714285714333,70.28,25.28,28.827370358479058,0.0,0.0,0.0,0.0,0.0,0.0,0.0
2023-08-07,2023,219,25.42,68.3,0.0,1.0600000000000034,0.1514285714285719,72.87,25.16,28.718276620409327,0.0,0.0,0.0,0.0,0.0,0.0,0.0
2023-08-08,2023,220,25.53,68.62,1.6,2.6300000000000034,0.3757142857142862,68.3,25.42,28.910431988495844,0.0,0.0,0.0,0.0,0.0,0.0,0.0
2023-08-09,2023,221,25.87,69.42,0.13,1.9200000000000035,0.2742857142857148,68.62,25.53,29.488202247783924,0.0,0.0,0.0,0.0,0.0,0.0,0.0
2023-08-10,2023,222,24.7,75.75,0.09,2.010000000000004,0.2871428571428577,69.42,25.87,28.455155099162354,0.0,0.0,0.0,0.0,0.0,0.0,0.0
2023-08-11,2023,223,24.72,75.44,0.11,2.1200000000000037,0.3028571428571434,75.75,24.7,28.45263206434261,0.0,0.0,0.0,0.0,0.0,0.0,0.0
2023-08-12,2023,224,24.81,72.68,1.74,3.6700000000000035,0.5242857142857148,75.44,24.72,28.299792367401956,0.0,0.0,0.0,0.0,0.0,0.0,0.0
2023-08-13,2023,225,25.42,68.5,2.07,5.740000000000004,0.8200000000000005,72.68,24.81,28.739647855022532,0.0,0.0,0.0,0.0,0.0,0.0,0.0
2023-08-14,2023,226,24.51,69.35,0.39,6.1300000000000034,0.8757142857142862,68.5,25.42,27.52990328740907,0.0,0.0,0.0,0.0,0.0,0.0,0.0
2023-08-15,2023,227,25.2,68.95,0.0,4.530000000000003,0.6471428571428576,69.35,24.51,28.472167504863336,0.0,0.0,0.0,0.0,0.0,0.0,0.0
2023-08-16,2023,228,26.04,66.96,0.0,4.400000000000003,0.628571428571429,68.95,25.2,29.46238190584758,0.0,0.0,0.0,0.0,0.0,0.0,0.0
2023-08-17,2023,229,25.48,67.95,0.0,4.310000000000003,0.6157142857142862,66.96,26.04,28.766748822308806,0.0,0.0,0.0,0.0,0.0,0.0,0.0
2023-08-18,2023,230,24.81,69.73,2.13,6.330000000000004,0.9042857142857148,67.95,25.48,27.995790063001355,0.0,0.0,0.0,0.0,0.0,0.0,0.0
2023-08-19,2023,231,25.07,71.08,0.44,5.030000000000004,0.7185714285714291,69.73,24.81,28.50912913010484,0.0,0.0,0.0,0.0,0.0,0.0,0.0
2023-08-20,2023,232,25.71,68.36,0.24,3.2000000000000037,0.4571428571428577,71.08,25.07,29.14124034429266,0.0,0.0,0.0,0.0,0.0,0.0,0.0
2023-08-21,2023,233,26.49,63.82,0.0,2.8100000000000036,0.40142857142857197,68.36,25.71,29.754381512747607,0.0,0.0,0.0,0.0,0.0,0.0,0.0
2023-08-22,2023,234,25.72,71.56,0.0,2.8100000000000036,0.40142857142857197,63.82,26.49,29.503707750933827,0.0,0.0,0.0,0.0,0.0,0.0,0.0
2023-08-23,2023,235,25.81,69.02,0.0,2.8100000000000036,0.40142857142857197,71.56,25.72,29.357492501968373,0.0,0.0,0.0,0.0,0.0,0.0,0.0
2023-08-24,2023,236,25.45,67.86,0.26,3.0700000000000034,0.43857142857142906,69.02,25.81,28.71416868703345,0.0,0.0,0.0,0.0,0.0,0.0,0.0
2023-08-25,2023,237,26.96,63.55,0.01,0.9500000000000035,0.1357142857142862,67.86,25.45,30.396033239362474,0.0,0.0,0.0,0.0,0.0,0.0,0.0
2023-08-26,2023,238,24.47,76.07,1.44,1.9500000000000035,0.2785714285714291,63.55,26.96,28.151759568192332,0.0,0.0,0.0,0.0,0.0,0.0,0.0
2023-08-27,2023,239,25.37,70.4,1.79,3.5000000000000036,0.5000000000000006,76.07,24.47,28.870400755438702,0.0,0.0,0.0,0.0,0.0,0.0,0.0
2023-08-28,2023,240,26.08,65.4,0.0,3.5000000000000036,0.5000000000000006,70.4,25.37,29.34658999672346,0.0,0.0,0.0,0.0,0.0,0.0,0.0
2023-08-29,2023,241,26.17,65.94,0.44,3.9400000000000035,0.5628571428571434,65.4,26.08,29.53558240674967,0.0,0.0,0.0,0.0,0.0,0.0,0.0
2023-08-30,2023,242,26.37,68.99,3.16,7.100000000000003,1.0142857142857147,65.94,26.17,30.167608534559562,0.0,0.0,0.0,0.0,0.0,0.0,0.0
2023-08-31,2023,243,24.36,79.53,40.21,47.050000000000004,6.721428571428572,68.99,26.37,28.338548264353022,0.0,0.0,0.0,0.0,0.0,0.0,0.0
2023-09-01,2023,244,23.96,85.11,4.88,51.92000000000001,7.417142857142858,79.53,24.36,28.29630543650289,0.0,0.0,0.0,0.0,0.0,0.0,0.0
2023-09-02,2023,245,23.07,83.9,5.39,55.870000000000005,7.981428571428572,85.11,23.96,26.85934280248697,0.0,0.0,0.0,0.0,0.0,0.0,0.0
2023-09-03,2023,246,23.03,78.87,1.16,55.24,7.8914285714285715,83.9,23.07,26.334690809691963,0.0,0.0,0.0,0.0,0.0,0.0,0.0
2023-09-04,2023,247,21.95,78.18,3.03,58.27,8.324285714285715,78.87,23.03,24.7317895712674,0.0,0.0,0.0,0.0,0.0,0.0,0.0
2023-09-05,2023,248,23.55,79.48,12.91,70.74000000000001,10.105714285714287,78.18,21.95,27.145528068761998,0.0,0.0,0.0,0.0,0.0,0.0,0.0
2023-09-06,2023,249,23.0,81.14,4.65,72.23,10.31857142857143,79.48,23.55,26.501327814566498,0.0,0.0,0.0,0.0,0.0,0.0,0.0
2023-09-07,2023,250,23.25,77.65,0.67,32.69,4.67,81.14,23.0,26.537795937230257,0.0,0.0,0.0,0.0,0.0,0.0,0.0
2023-09-08,2023,251,23.71,76.52,0.31,28.12,4.017142857142857,77.65,23.25,27.093323728543293,0.0,0.0,0.0,0.0,0.0,0.0,0.0
2023-09-09,2023,252,23.82,76.85,0.11,22.84,3.262857142857143,76.52,23.71,27.28430592550631,0.0,0.0,0.0,0.0,0.0,0.0,0.0
2023-09-10,2023,253,23.99,77.49,0.0,21.68,3.097142857142857,76.85,23.82,27.59360909781816,0.0,0.0,0.0,0.0,0.0,0.0,0.0
2023-09-11,2023,254,23.21,79.9,4.46,23.11,3.301428571428571,77.49,23.99,26.690904493465677,0.0,0.0,0.0,0.0,0.0,0.0,0.0
2023-09-12,2023,255,24.15,76.46,0.31,10.51,1.5014285714285713,79.9,23.21,27.72480086032182,0.0,0.0,0.0,0.0,0.0,0.0,0.0
2023-09-13,2023,256,24.44,72.44,1.3,7.16,1.022857142857143,76.46,24.15,27.7420953623153,0.0,0.0,0.0,0.0,0.0,0.0,0.0
2023-09-14,2023,257,24.06,74.05,0.85,7.34,1.0485714285714285,72.44,24.44,27.3566083719589,0.0,0.0,0.0,0.0,0.0,0.0,0.0
2023-09-15,2023,258,23.62,77.11,1.26,8.29,1.1842857142857142,74.05,24.06,27.020120852629397,0.0,0.0,0.0,0.0,0.0,0.0,0.0
2023-09-16,2023,259,24.1,78.12,2.09,10.27,1.467142857142857,77.11,23.62,27.816117469157398,0.0,0.0,0.0,0.0,0.0,0.0,0.0
2023-09-17,2023,260,24.21,79.39,9.21,19.48,2.782857142857143,78.12,24.1,28.103370147395758,0.0,0.0,0.0,0.0,0.0,0.0,0.0
2023-09-18,2023,261,23.98,81.25,15.16,30.18,4.311428571428571,79.39,24.21,27.947776548342155,0.0,0.0,0.0,0.0,0.0,0.0,0.0
2023-09-19,2023,262,24.33,78.64,0.44,30.310000000000002,4.33,81.25,23.98,28.20512598600648,0.0,0.0,0.0,0.0,0.0,0.0,0.0
2023-09-20,2023,263,23.71,82.2,0.05,29.06,4.151428571428571,78.64,24.33,27.6413801684038,0.0,0.0,0.0,0.0,0.0,0.0,0.0
2023-09-21,2023,264,22.2,88.06,0.3,28.509999999999998,4.072857142857143,82.2,23.71,25.955896355705065,0.0,0.0,0.0,0.0,0.0,0.0,0.0
2023-09-22,2023,265,24.25,82.91,6.17,33.42,4.774285714285715,88.06,22.2,28.5131000694942,0.0,0.0,0.0,0.0,0.0,0.0,0.0
2023-09-23,2023,266,23.11,87.77,18.91,50.24,7.177142857142857,82.91,24.25,27.27833408697554,0.0,0.0,0.0,0.0,0.0,0.0,0.0
2023-09-24,2023,267,22.73,88.9,14.74,55.77,7.967142857142858,87.77,23.11,26.815651973155248,0.0,0.0,0.0,0.0,0.0,0.0,0.0
2023-09-25,2023,268,21.87,89.15,9.82,50.43,7.204285714285715,88.9,22.73,25.565800656127912,0.0,0.0,0.0,0.0,0.0,0.0,0.0
2023-09-26,2023,269,23.31,83.87,0.33,50.32,7.188571428571429,89.15,21.87,27.210087537412534,0.0,0.0,0.0,0.0,0.0,0.0,0.0
2023-09-27,2023,270,23.15,80.46,1.23,51.5,7.357142857142857,83.87,23.31,26.65612232973314,0.0,0.0,0.0,0.0,0.0,0.0,0.0
2023-09-28,2023,271,22.55,85.62,1.4,52.6,7.514285714285714,80.46,23.15,26.252891168029045,0.0,0.0,0.0,0.0,0.0,0.0,0.0
2023-09-29,2023,272,22.72,84.69,0.69,47.120000000000005,6.731428571428572,85.62,22.55,26.418082241139096,0.0,0.0,0.0,0.0,0.0,0.0,0.0
2023-09-30,2023,273,22.53,78.62,1.86,30.07,4.295714285714285,84.69,22.72,25.594559557386972,0.0,0.0,0.0,0.0,0.0,0.0,0.0
2023-10-01,2023,274,23.38,79.95,0.0,15.33,2.19,78.62,22.53,26.942668883036028,0.0,0.0,0.0,0.0,0.0,0.0,0.0
2023-10-02,2023,275,23.52,78.23,0.0,5.51,0.7871428571428571,79.95,23.38,26.982592350149897,0.0,0.0,0.0,0.0,0.0,0.0,0.0
2023-10-03,2023,276,23.96,76.32,0.0,5.18,0.74,78.23,23.52,27.435347560966985,0.0,0.0,0.0,0.0,0.0,0.0,0.0
2023-10-04,2023,277,24.24,74.6,0.0,3.95,0.5642857142857143,76.32,23.96,27.67044966938113,0.0,0.0,0.0,0.0,0.0,0.0,0.0
2023-10-05,2023,278,23.74,82.03,2.6,5.15,0.7357142857142858,74.6,24.24,27.669252512460055,0.0,0.0,0.0,0.0,0.0,0.0,0.0
2023-10-06,2023,279,23.41,81.51,0.0,4.460000000000001,0.6371428571428572,82.03,23.74,27.13417452602518,0.0,0.0,0.0,0.0,0.0,0.0,0.0
2023-10-07,2023,280,24.76,79.61,0.0,2.6,0.37142857142857144,81.51,23.41,28.939536306768858,0.0,0.0,0.0,0.0,0.0,0.0,0.0
2023-10-08,2023,281,24.13,76.79,14.02,16.619999999999997,2.374285714285714,79.61,24.76,27.72838896098348,0.0,0.0,0.0,0.0,0.0,0.0,0.0
2023-10-09,2023,282,24.49,83.9,43.66,60.279999999999994,8.61142857142857,76.79,24.13,28.972580289829374,0.0,0.0,0.0,0.0,0.0,0.0,0.0
2023-10-10,2023,283,23.67,86.55,13.23,73.50999999999999,10.501428571428571,83.9,24.49,28.001060578365653,0.0,0.0,0.0,0.0,0.0,0.0,0.0
2023-10-11,2023,284,22.8,86.82,2.32,75.83,10.832857142857142,86.55,23.67,26.729989046191395,0.0,0.0,0.0,0.0,0.0,0.0,0.0
2023-10-12,2023,285,22.61,77.03,2.17,75.4,10.771428571428572,86.82,22.8,25.56532474561086,0.0,0.0,0.0,0.0,0.0,0.0,0.0
2023-10-13,2023,286,22.77,71.96,0.0,75.4,10.771428571428572,77.03,22.61,25.33078362327617,0.0,0.0,0.0,0.0,0.0,0.0,0.0
2023-10-14,2023,287,23.26,77.15,0.56,75.96,10.85142857142857,71.96,22.77,26.5052350085392,0.0,0.0,0.0,0.0,0.0,0.0,0.0
2023-10-15,2023,288,23.17,76.0,0.0,61.94,8.848571428571429,77.15,23.26,26.268607922162662,0.0,0.0,0.0,0.0,0.0,0.0,0.0
2023-10-16,2023,289,23.52,83.62,0.0,18.28,2.6114285714285717,76.0,23.17,27.49676047960545,0.0,0.0,0.0,0.0,0.0,0.0,0.0
2023-10-17,2023,290,23.67,79.12,0.0,5.05,0.7214285714285714,83.62,23.52,27.28586958937366,0.0,0.0,0.0,0.0,0.0,0.0,0.0
2023-10-18,2023,291,23.22,77.79,0.0,2.73,0.39,79.12,23.67,26.507741938224296,0.0,0.0,0.0,0.0,0.0,0.0,0.0
2023-10-19,2023,292,23.69,72.25,0.0,0.56,0.08,77.79,23.22,26.6529451843749,0.0,0.0,0.0,0.0,0.0,0.0,0.0
2023-10-20,2023,293,23.86,74.56,0.0,0.56,0.08,72.25,23.69,27.119287398929984,0.0,0.0,0.0,0.0,0.0,0.0,0.0
2023-10-21,2023,294,23.95,75.28,0.0,0.0,0.0,74.56,23.86,27.31906240454593,0.0,0.0,0.0,0.0,0.0,0.0,0.0
2023-10-22,2023,295,23.9,70.46,0.0,0.0,0.0,75.28,23.95,26.77658703064196,0.0,0.0,0.0,0.0,0.0,0.0,0.0
2023-10-23,2023,296,22.84,58.36,0.0,0.0,0.0,70.46,23.9,24.183413718581544,0.0,0.0,0.0,0.0,0.0,0.0,0.0
2023-10-24,2023,297,22.58,58.74,0.0,0.0,0.0,58.36,22.84,23.874220916186495,0.0,0.0,0.0,0.0,0.0,0.0,0.0
2023-10-25,2023,298,22.85,65.84,0.0,0.0,0.0,58.74,22.58,24.881925482599748,0.0,0.0,0.0,0.0,0.0,0.0,0.0
2023-10-26,2023,299,23.07,67.92,0.0,0.0,0.0,65.84,22.85,25.37574687896204,0.0,0.0,0.0,0.0,0.0,0.0,0.0
2023-10-27,2023,300,24.15,70.44,0.0,0.0,0.0,67.92,23.07,27.128406651858086,0.0,0.0,0.0,0.0,0.0,0.0,0.0
2023-10-28,2023,301,24.11,74.23,0.0,0.0,0.0,70.44,24.15,27.446284457621445,0.0,0.0,0.0,0.0,0.0,0.0,0.0
2023-10-29,2023,302,24.1,78.08,1.86,1.86,0.26571428571428574,74.23,24.11,27.81216656415527,0.0,0.0,0.0,0.0,0.0,0.0,0.0
2023-10-30,2023,303,22.16,84.84,0.54,2.4000000000000004,0.3428571428571429,78.08,24.1,25.6141492149467,0.0,0.0,0.0,0.0,0.0,0.0,0.0
2023-10-31,2023,304,22.53,80.86,0.19,2.5900000000000003,0.37000000000000005,84.84,22.16,25.795839300563603,0.0,0.0,0.0,0.0,0.0,0.0,0.0
2023-11-01,2023,305,23.92,71.13,0.0,2.5900000000000003,0.37000000000000005,80.86,22.53,26.87030880650494,0.0,0.0,0.0,0.0,0.0,0.0,0.0
2023-11-02,2023,306,24.29,75.68,0.14,2.73,0.39,71.13,23.92,27.850601242876262,0.0,0.0,0.0,0.0,0.0,0.0,0.0
2023-11-03,2023,307,24.79,75.05,0.6,3.33,0.4757142857142857,75.68,24.29,28.514815148756128,0.0,0.0,0.0,0.0,0.0,0.0,0.0
2023-11-04,2023,308,23.57,80.93,13.89,17.22,2.46,75.05,24.79,27.313406150010977,0.0,0.0,0.0,0.0,0.0,0.0,0.0
2023-11-05,2023,309,23.27,80.85,0.32,15.680000000000001,2.24,80.93,23.57,26.86728386509153,0.0,0.0,0.0,0.0,0.0,0.0,0.0
2023-11-06,2023,310,22.62,84.06,33.58,48.72,6.96,80.85,23.27,26.2146889553022,0.0,0.0,0.0,0.0,0.0,0.0,0.0
2023-11-07,2023,311,22.9,87.56,15.93,64.46000000000001,9.20857142857143,84.06,22.62,26.94608718207838,0.0,0.0,0.0,0.0,0.0,0.0,0.0
2023-11-08,2023,312,23.2,83.1,0.96,65.42,9.345714285714285,87.56,22.9,26.97582452472842,0.0,0.0,0.0,0.0,0.0,0.0,0.0
2023-11-09,2023,313,21.41,82.87,0.79,66.07,9.438571428571427,83.1,23.2,24.36562878737105,0.0,0.0,0.0,0.0,0.0,0.0,0.0
2023-11-10,2023,314,22.66,79.7,0.55,66.02000000000001,9.431428571428572,82.87,21.41,25.878236261543186,0.0,0.0,0.0,0.0,0.0,0.0,0.0
2023-11-11,2023,315,22.34,70.73,0.0,52.129999999999995,7.447142857142857,79.7,22.66,24.62275381961715,0.0,0.0,0.0,0.0,0.0,0.0,0.0
2023-11-12,2023,316,21.69,73.14,0.96,52.769999999999996,7.538571428571428,70.73,22.34,23.934838857912222,0.0,0.0,0.0,0.0,0.0,0.0,0.0
2023-11-13,2023,317,22.57,75.1,0.3,19.49,2.7842857142857143,73.14,21.69,25.334642994648767,0.0,0.0,0.0,0.0,0.0,0.0,0.0
2023-11-14,2023,318,20.99,75.05,12.82,16.380000000000003,2.3400000000000003,75.1,22.57,23.129298830038522,0.0,0.0,0.0,0.0,0.0,0.0,0.0
2023-11-15,2023,319,22.46,73.22,0.0,15.42,2.202857142857143,75.05,20.99,25.011465125675976,0.0,0.0,0.0,0.0,0.0,0.0,0.0
2023-11-16,2023,320,23.84,70.84,0.0,14.63,2.0900000000000003,73.22,22.46,26.728829206324455,0.0,0.0,0.0,0.0,0.0,0.0,0.0
2023-11-17,2023,321,23.95,72.25,0.0,14.08,2.0114285714285716,70.84,23.84,27.022459600537243,0.0,0.0,0.0,0.0,0.0,0.0,0.0
2023-11-18,2023,322,24.4,69.14,0.0,14.08,2.0114285714285716,72.25,23.95,27.3528123772083,0.0,0.0,0.0,0.0,0.0,0.0,0.0
2023-11-19,2023,323,23.46,71.86,0.0,13.120000000000001,1.8742857142857143,69.14,24.4,26.29023440960275,0.0,0.0,0.0,0.0,0.0,0.0,0.0
2023-11-20,2023,324,23.37,73.11,0.0,12.82,1.8314285714285714,71.86,23.46,26.28149247508483,0.0,0.0,0.0,0.0,0.0,0.0,0.0
2023-11-21,2023,325,23.66,81.27,0.0,0.0,0.0,73.11,23.37,27.478122980762038,0.0,0.0,0.0,0.0,0.0,0.0,0.0
2023-11-22,2023,326,23.58,82.35,2.44,2.44,0.3485714285714286,81.27,23.66,27.464011775521108,0.0,0.0,0.0,0.0,0.0,0.0,0.0
2023-11-23,2023,327,23.14,80.18,0.0,2.44,0.3485714285714286,82.35,23.58,26.615489534445043,0.0,0.0,0.0,0.0,0.0,0.0,0.0
2023-11-24,2023,328,23.67,80.27,0.79,3.23,0.4614285714285714,80.18,23.14,27.396565368288975,0.0,0.0,0.0,0.0,0.0,0.0,0.0
2023-11-25,2023,329,22.89,80.67,0.97,4.2,0.6,80.27,23.67,26.298469737943847,0.0,0.0,0.0,0.0,0.0,0.0,0.0
2023-11-26,2023,330,22.95,75.69,0.16,4.36,0.6228571428571429,80.67,22.89,25.92637501831267,0.0,0.0,0.0,0.0,0.0,0.0,0.0
2023-11-27,2023,331,23.28,75.74,0.0,4.36,0.6228571428571429,75.69,22.95,26.40140021101904,0.0,0.0,0.0,0.0,0.0,0.0,0.0
2023-11-28,2023,332,23.81,75.22,0.01,4.37,0.6242857142857143,75.74,23.28,27.111602816068128,0.0,0.0,0.0,0.0,0.0,0.0,0.0
2023-11-29,2023,333,22.75,79.48,0.0,1.93,0.2757142857142857,75.22,23.81,25.9876373837559,0.0,0.0,0.0,0.0,0.0,0.0,0.0
2023-11-30,2023,334,22.88,78.9,0.0,1.93,0.2757142857142857,79.48,22.75,26.1215396096349,0.0,0.0,0.0,0.0,0.0,0.0,0.0
2023-12-01,2023,335,22.99,76.55,0.0,1.14,0.16285714285714284,78.9,22.88,26.06271260448588,0.0,0.0,0.0,0.0,0.0,0.0,0.0
2023-12-02,2023,336,23.27,77.14,0.0,0.17,0.02428571428571429,76.55,22.99,26.51866391284058,0.0,0.0,0.0,0.0,0.0,0.0,0.0
2023-12-03,2023,337,22.98,83.63,0.1,0.11,0.015714285714285715,77.14,23.27,26.702191499491278,0.0,0.0,0.0,0.0,0.0,0.0,0.0
2023-12-04,2023,338,22.35,80.28,2.87,2.98,0.4257142857142857,83.63,22.98,25.48538460599195,0.0,0.0,0.0,0.0,0.0,0.0,0.0
2023-12-05,2023,339,22.91,74.36,0.06,3.0300000000000002,0.4328571428571429,80.28,22.35,25.747240694922276,0.0,0.0,0.0,0.0,0.0,0.0,0.0
2023-12-06,2023,340,24.17,70.98,0.0,3.0300000000000002,0.4328571428571429,74.36,22.91,27.21032834551766,0.0,0.0,0.0,0.0,0.0,0.0,0.0
2023-12-07,2023,341,24.84,74.55,0.0,3.0300000000000002,0.4328571428571429,70.98,24.17,28.53623908042917,0.0,0.0,0.0,0.0,0.0,0.0,0.0
2023-12-08,2023,342,22.59,83.74,0.0,3.0300000000000002,0.4328571428571429,74.55,24.84,26.14203904049554,0.0,0.0,0.0,0.0,0.0,0.0,0.0
2023-12-09,2023,343,21.89,79.99,0.77,3.8000000000000003,0.5428571428571429,83.74,22.59,24.80348980426924,0.0,0.0,0.0,0.0,0.0,0.0,0.0
2023-12-10,2023,344,23.3,71.51,0.0,3.7,0.5285714285714286,79.99,21.89,26.03178653256238,0.0,0.0,0.0,0.0,0.0,0.0,0.0
2023-12-11,2023,345,22.66,71.03,0.0,0.8300000000000001,0.11857142857142858,71.51,23.3,25.093015328198398,0.0,0.0,0.0,0.0,0.0,0.0,0.0
2023-12-12,2023,346,21.79,70.76,0.0,0.77,0.11,71.03,22.66,23.868589277895026,0.0,0.0,0.0,0.0,0.0,0.0,0.0
2023-12-13,2023,347,20.79,69.39,0.0,0.77,0.11,70.76,21.79,22.397027553828977,0.0,0.0,0.0,0.0,0.0,0.0,0.0
2023-12-14,2023,348,20.9,68.88,0.0,0.77,0.11,69.39,20.79,22.50354304604695,0.0,0.0,0.0,0.0,0.0,0.0,0.0
2023-12-15,2023,349,22.83,74.55,0.0,0.77,0.11,68.88,20.9,25.651635623761422,0.0,0.0,0.0,0.0,0.0,0.0,0.0
2023-12-16,2023,350,23.63,75.78,0.0,0.0,0.0,74.55,22.83,26.906855856514895,0.0,0.0,0.0,0.0,0.0,0.0,0.0
2023-12-17,2023,351,22.41,76.2,0.0,0.0,0.0,75.78,23.63,25.207455918242395,0.0,0.0,0.0,0.0,0.0,0.0,0.0
2023-12-18,2023,352,21.7,76.09,0.0,0.0,0.0,76.2,22.41,24.200680563728852,0.0,0.0,0.0,0.0,0.0,0.0,0.0
2023-12-19,2023,353,21.45,71.04,0.27,0.27,0.038571428571428576,76.09,21.7,23.427285838451837,0.0,0.0,0.0,0.0,0.0,0.0,0.0
2023-12-20,2023,354,21.75,69.72,0.0,0.27,0.038571428571428576,71.04,21.45,23.72465896699798,0.0,0.0,0.0,0.0,0.0,0.0,0.0
2023-12-21,2023,355,22.94,71.05,0.0,0.27,0.038571428571428576,69.72,21.75,25.484748604465715,0.0,0.0,0.0,0.0,0.0,0.0,0.0
2023-12-22,2023,356,22.05,66.45,0.0,0.27,0.038571428571428576,71.05,22.94,23.849452872461207,0.0,0.0,0.0,0.0,0.0,0.0,0.0
2023-12-23,2023,357,20.44,64.34,0.0,0.27,0.038571428571428576,66.45,22.05,21.528215520767386,0.0,0.0,0.0,0.0,0.0,0.0,0.0
2023-12-24,2023,358,21.9,69.61,0.0,0.27,0.038571428571428576,64.34,20.44,23.920018376522492,0.0,0.0,0.0,0.0,0.0,0.0,0.0
2023-12-25,2023,359,22.27,69.57,0.0,0.27,0.038571428571428576,69.61,21.9,24.423502066910917,0.0,0.0,0.0,0.0,0.0,0.0,0.0
2023-12-26,2023,360,21.02,64.61,0.0,0.0,0.0,69.57,22.27,22.31501198719987,0.0,0.0,0.0,0.0,0.0,0.0,0.0
2023-12-27,2023,361,21.04,65.28,0.0,0.0,0.0,64.61,21.02,22.396486352389147,0.0,0.0,0.0,0.0,0.0,0.0,0.0
2023-12-28,2023,362,22.2,72.27,0.0,0.0,0.0,65.28,21.04,24.565189979863785,0.0,0.0,0.0,0.0,0.0,0.0,0.0
2023-12-29,2023,363,22.47,71.56,0.0,0.0,0.0,72.27,22.2,24.876818725608256,0.0,0.0,0.0,0.0,0.0,0.0,0.0
2023-12-30,2023,364,21.96,64.4,0.0,0.0,0.0,71.56,22.47,23.54983440576208,0.0,0.0,0.0,0.0,0.0,0.0,0.0
2023-12-31,2023,365,21.18,65.24,0.0,0.0,0.0,64.4,21.96,22.579332310787102,0.0,0.0,0.0,0.0,0.0,0.0,0.0
2024-01-01,2024,1,22.11,65.37,0.11,0.11,0.015714285714285715,65.24,21.18,23.836055895829602,0.0,0.0,0.0,0.0,0.0,0.0,0.0
2024-01-02,2024,2,22.44,64.88,0.57,0.6799999999999999,0.09714285714285713,65.37,22.11,24.238193420451132,0.0,0.0,0.0,0.0,0.0,0.0,0.0
2024-01-03,2024,3,22.48,68.17,0.04,0.72,0.10285714285714286,64.88,22.44,24.587012001109578,0.0,0.0,0.0,0.0,0.0,0.0,0.0
2024-01-04,2024,4,21.36,76.24,0.0,0.72,0.10285714285714286,68.17,22.48,23.739607585166198,0.0,0.0,0.0,0.0,0.0,0.0,0.0
2024-01-05,2024,5,22.68,70.68,0.0,0.72,0.10285714285714286,76.24,21.36,25.089073820309356,0.0,0.0,0.0,0.0,0.0,0.0,0.0
2024-01-06,2024,6,22.52,64.51,0.0,0.72,0.10285714285714286,70.68,22.68,24.31316394768585,0.0,0.0,0.0,0.0,0.0,0.0,0.0
2024-01-07,2024,7,22.2,69.2,0.0,0.72,0.10285714285714286,64.51,22.52,24.29479931654316,0.0,0.0,0.0,0.0,0.0,0.0,0.0
2024-01-08,2024,8,22.15,77.51,1.28,1.8900000000000001,0.27,69.2,22.2,24.9559873093796,0.0,0.0,0.0,0.0,0.0,0.0,0.0
2024-01-09,2024,9,21.62,72.85,0.76,2.08,0.29714285714285715,77.51,22.15,23.813562640708756,0.0,0.0,0.0,0.0,0.0,0.0,0.0
2024-01-10,2024,10,21.9,65.88,0.0,2.04,0.2914285714285714,72.85,21.62,23.59744017591297,0.0,0.0,0.0,0.0,0.0,0.0,0.0
2024-01-11,2024,11,21.99,61.38,0.0,2.04,0.2914285714285714,65.88,21.9,23.327441525815118,0.0,0.0,0.0,0.0,0.0,0.0,0.0
2024-01-12,2024,12,22.21,67.94,0.0,2.04,0.2914285714285714,61.38,21.99,24.197462147533095,0.0,0.0,0.0,0.0,0.0,0.0,0.0
2024-01-13,2024,13,23.36,64.99,0.0,2.04,0.2914285714285714,67.94,22.21,25.50016455337835,0.0,0.0,0.0,0.0,0.0,0.0,0.0
2024-01-14,2024,14,22.65,63.02,0.0,2.04,0.2914285714285714,64.99,23.36,24.35411351111986,0.0,0.0,0.0,0.0,0.0,0.0,0.0
2024-01-15,2024,15,22.63,62.03,0.0,0.76,0.10857142857142857,63.02,22.65,24.237708873318876,0.0,0.0,0.0,0.0,0.0,0.0,0.0
2024-01-16,2024,16,22.52,63.22,0.0,0.0,0.0,62.03,22.63,24.19731862924662,0.0,0.0,0.0,0.0,0.0,0.0,0.0
2024-01-17,2024,17,22.6,62.61,0.0,0.0,0.0,63.22,22.52,24.249865457758474,0.0,0.0,0.0,0.0,0.0,0.0,0.0
2024-01-18,2024,18,22.86,59.21,0.0,0.0,0.0,62.61,22.6,24.287799716477203,0.0,0.0,0.0,0.0,0.0,0.0,0.0
2024-01-19,2024,19,23.7,61.56,0.0,0.0,0.0,59.21,22.86,25.636283839815302,0.0,0.0,0.0,0.0,0.0,0.0,0.0
2024-01-20,2024,20,24.31,59.67,0.0,0.0,0.0,61.56,23.7,26.278300551814635,0.0,0.0,0.0,0.0,0.0,0.0,0.0
2024-01-21,2024,21,24.33,56.93,0.0,0.0,0.0,59.67,24.31,26.031054455535973,0.0,0.0,0.0,0.0,0.0,0.0,0.0
2024-01-22,2024,22,24.62,56.94,0.0,0.0,0.0,56.93,24.33,26.421673198618937,0.0,0.0,0.0,0.0,0.0,0.0,0.0
2024-01-23,2024,23,24.16,57.98,0.0,0.0,0.0,56.94,24.62,25.907449229591233,0.0,0.0,0.0,0.0,0.0,0.0,0.0
2024-01-24,2024,24,24.66,57.91,0.0,0.0,0.0,57.98,24.16,26.574602299342278,0.0,0.0,0.0,0.0,0.0,0.0,0.0
2024-01-25,2024,25,24.25,58.5,0.0,0.0,0.0,57.91,24.66,26.08031424515029,0.0,0.0,0.0,0.0,0.0,0.0,0.0
2024-01-26,2024,26,23.41,55.82,0.0,0.0,0.0,58.5,24.25,24.699699693813344,0.0,0.0,0.0,0.0,0.0,0.0,0.0
2024-01-27,2024,27,23.46,57.18,0.0,0.0,0.0,55.82,23.41,24.8949123788072,0.0,0.0,0.0,0.0,0.0,0.0,0.0
2024-01-28,2024,28,23.26,57.51,0.0,0.0,0.0,57.18,23.46,24.660822622697204,0.0,0.0,0.0,0.0,0.0,0.0,0.0
2024-01-29,2024,29,22.77,51.41,0.0,0.0,0.0,57.51,23.26,23.457185743088214,0.0,0.0,0.0,0.0,0.0,0.0,0.0
2024-01-30,2024,30,23.66,49.56,0.0,0.0,0.0,51.41,22.77,24.42764088749313,0.0,0.0,0.0,0.0,0.0,0.0,0.0
2024-01-31,2024,31,24.68,51.07,0.0,0.0,0.0,49.56,23.66,25.90222782121258,0.0,0.0,0.0,0.0,0.0,0.0,0.0
2024-02-01,2024,32,25.32,51.59,0.0,0.0,0.0,51.07,24.68,26.80010703972504,0.0,0.0,0.0,0.0,0.0,0.0,0.0
2024-02-02,2024,33,26.01,59.72,0.0,0.0,0.0,51.59,25.32,28.618131151162203,0.0,0.0,0.0,0.0,0.0,0.0,0.0
2024-02-03,2024,34,25.61,59.78,0.0,0.0,0.0,59.72,26.01,28.070181678192384,0.0,0.0,0.0,0.0,0.0,0.0,0.0
2024-02-04,2024,35,24.26,54.84,0.0,0.0,0.0,59.78,25.61,25.72881649803437,0.0,0.0,0.0,0.0,0.0,0.0,0.0
2024-02-05,2024,36,24.35,52.37,0.0,0.0,0.0,54.84,24.26,25.600683712248884,0.0,0.0,0.0,0.0,0.0,0.0,0.0
2024-02-06,2024,37,24.55,51.56,0.0,0.0,0.0,52.37,24.35,25.781601137083427,0.0,0.0,0.0,0.0,0.0,0.0,0.0
2024-02-07,2024,38,24.97,44.97,0.0,0.0,0.0,51.56,24.55,25.648585758678927,0.0,0.0,0.0,0.0,0.0,0.0,0.0
2024-02-08,2024,39,25.6,44.55,0.0,0.0,0.0,44.97,24.97,26.411487687206964,0.0,0.0,0.0,0.0,0.0,0.0,0.0
2024-02-09,2024,40,25.2,50.7,0.0,0.0,0.0,44.55,25.6,26.547337092045993,0.0,0.0,0.0,0.0,0.0,0.0,0.0
2024-02-10,2024,41,24.75,55.07,0.0,0.0,0.0,50.7,25.2,26.404800894710213,0.0,0.0,0.0,0.0,0.0,0.0,0.0
2024-02-11,2024,42,23.86,54.33,0.0,0.0,0.0,55.07,24.75,25.14966046652181,0.0,0.0,0.0,0.0,0.0,0.0,0.0
2024-02-12,2024,43,23.66,48.53,0.0,0.0,0.0,54.33,23.86,24.328555534100918,0.0,0.0,0.0,0.0,0.0,0.0,0.0
2024-02-13,2024,44,24.31,54.33,0.0,0.0,0.0,48.53,23.66,25.74418416256224,0.0,0.0,0.0,0.0,0.0,0.0,0.0
2024-02-14,2024,45,24.76,52.9,0.0,0.0,0.0,54.33,24.31,26.195215056250127,0.0,0.0,0.0,0.0,0.0,0.0,0.0
2024-02-15,2024,46,24.1,47.99,0.0,0.0,0.0,52.9,24.76,24.840098276303937,0.0,0.0,0.0,0.0,0.0,0.0,0.0
2024-02-16,2024,47,23.93,48.98,0.0,0.0,0.0,47.99,24.1,24.718842313411486,0.0,0.0,0.0,0.0,0.0,0.0,0.0
2024-02-17,2024,48,24.53,41.42,0.0,0.0,0.0,48.98,23.93,24.727718625112377,0.0,0.0,0.0,0.0,0.0,0.0,0.0
2024-02-18,2024,49,24.94,42.42,0.0,0.0,0.0,41.42,24.53,25.345417738950932,0.0,0.0,0.0,0.0,0.0,0.0,0.0
2024-02-19,2024,50,25.44,47.46,0.0,0.0,0.0,42.42,24.94,26.517411190419725,0.0,0.0,0.0,0.0,0.0,0.0,0.0
2024-02-20,2024,51,26.43,42.7,0.0,0.0,0.0,47.46,25.44,27.273248887450844,0.0,0.0,0.0,0.0,0.0,0.0,0.0
2024-02-21,2024,52,26.77,41.57,0.0,0.0,0.0,42.7,26.43,27.580235692516485,0.0,0.0,0.0,0.0,0.0,0.0,0.0
2024-02-22,2024,53,26.91,39.95,0.0,0.0,0.0,41.57,26.77,27.5708989708779,0.0,0.0,0.0,0.0,0.0,0.0,0.0
2024-02-23,2024,54,28.28,43.1,0.0,0.0,0.0,39.95,26.91,29.726700646581122,0.0,0.0,0.0,0.0,0.0,0.0,0.0
2024-02-24,2024,55,27.71,52.59,0.0,0.0,0.0,43.1,28.28,30.139309256379427,0.0,0.0,0.0,0.0,0.0,0.0,0.0
2024-02-25,2024,56,26.52,54.16,0.0,0.0,0.0,52.59,27.71,28.695707316135874,0.0,0.0,0.0,0.0,0.0,0.0,0.0
2024-02-26,2024,57,25.74,54.42,0.0,0.0,0.0,54.16,26.52,27.666366971809623,0.0,0.0,0.0,0.0,0.0,0.0,0.0
2024-02-27,2024,58,26.29,50.4,0.0,0.0,0.0,54.42,25.74,27.95969761348138,0.0,0.0,0.0,0.0,0.0,0.0,0.0
2024-02-28,2024,59,25.73,41.25,0.0,0.0,0.0,50.4,26.29,26.219490519998203,0.0,0.0,0.0,0.0,0.0,0.0,0.0
2024-02-29,2024,60,25.3,39.42,0.0,0.0,0.0,41.25,25.73,25.482391447378124,0.0,0.0,0.0,0.0,0.0,0.0,0.0
2024-03-01,2024,61,25.29,41.37,0.0,0.0,0.0,39.42,25.3,25.676678655945068,0.0,0.0,0.0,0.0,0.0,0.0,0.0
2024-03-02,2024,62,26.27,32.78,0.0,0.0,0.0,41.37,25.29,25.953211307322842,0.0,0.0,0.0,0.0,0.0,0.0,0.0
2024-03-03,2024,63,26.58,41.36,0.0,0.0,0.0,32.78,26.27,27.31282523661482,0.0,0.0,0.0,0.0,0.0,0.0,0.0
2024-03-04,2024,64,27.77,41.85,0.0,0.0,0.0,41.36,26.58,28.90422375273352,0.0,0.0,0.0,0.0,0.0,0.0,0.0
2024-03-05,2024,65,27.67,36.9,0.0,0.0,0.0,41.85,27.77,28.170647585648055,0.0,0.0,0.0,0.0,0.0,0.0,0.0
2024-03-06,2024,66,28.18,32.97,0.0,0.0,0.0,36.9,27.67,28.322420606939744,0.0,0.0,0.0,0.0,0.0,0.0,0.0
2024-03-07,2024,67,27.51,32.83,0.0,0.0,0.0,32.97,28.18,27.477038856781938,0.0,0.0,0.0,0.0,0.0,0.0,0.0
2024-03-08,2024,68,28.6,33.59,0.0,0.0,0.0,32.83,27.51,28.92434849758763,0.0,0.0,0.0,0.0,0.0,0.0,0.0
2024-03-09,2024,69,28.73,39.27,0.0,0.0,0.0,33.59,28.6,29.82375644666194,0.0,0.0,0.0,0.0,0.0,0.0,0.0
2024-03-10,2024,70,27.93,45.03,0.0,0.0,0.0,39.27,28.73,29.506046839964576,0.0,0.0,0.0,0.0,0.0,0.0,0.0
2024-03-11,2024,71,27.74,45.73,0.0,0.0,0.0,45.03,27.93,29.34043194966351,0.0,0.0,0.0,0.0,0.0,0.0,0.0
2024-03-12,2024,72,28.01,40.54,0.0,0.0,0.0,45.73,27.74,29.05346431501099,0.0,0.0,0.0,0.0,0.0,0.0,0.0
2024-03-13,2024,73,28.42,33.01,0.0,0.0,0.0,40.54,28.01,28.62560000508472,0.0,0.0,0.0,0.0,0.0,0.0,0.0
2024-03-14,2024,74,29.71,34.87,0.0,0.0,0.0,33.01,28.42,30.495772864362316,0.0,0.0,0.0,0.0,0.0,0.0,0.0
2024-03-15,2024,75,29.15,36.37,0.0,0.0,0.0,34.87,29.71,29.9833965585658,0.0,0.0,0.0,0.0,0.0,0.0,0.0
2024-03-16,2024,76,28.14,41.96,0.0,0.0,0.0,36.37,29.15,29.399709990751262,0.0,0.0,0.0,0.0,0.0,0.0,0.0
2024-03-17,2024,77,27.47,39.4,0.0,0.0,0.0,41.96,28.14,28.219826670552514,0.0,0.0,0.0,0.0,0.0,0.0,0.0
2024-03-18,2024,78,27.73,35.25,0.0,0.0,0.0,39.4,27.47,28.044459576581303,0.0,0.0,0.0,0.0,0.0,0.0,0.0
2024-03-19,2024,79,27.74,37.08,0.0,0.0,0.0,35.25,27.73,28.281089365701355,0.0,0.0,0.0,0.0,0.0,0.0,0.0
2024-03-20,2024,80,28.09,43.46,0.0,0.0,0.0,37.08,27.74,29.521933633645517,0.0,0.0,0.0,0.0,0.0,0.0,0.0
2024-03-21,2024,81,27.79,49.33,0.0,0.0,0.0,43.46,28.09,29.848935837807836,0.0,0.0,0.0,0.0,0.0,0.0,0.0
2024-03-22,2024,82,28.25,47.17,0.0,0.0,0.0,49.33,27.79,30.20067203078834,0.0,0.0,0.0,0.0,0.0,0.0,0.0
2024-03-23,2024,83,28.68,41.33,0.0,0.0,0.0,47.17,28.25,30.025479588232173,0.0,0.0,0.0,0.0,0.0,0.0,0.0
2024-03-24,2024,84,28.33,37.54,0.0,0.0,0.0,41.33,28.68,29.087844998489068,0.0,0.0,0.0,0.0,0.0,0.0,0.0
2024-03-25,2024,85,28.22,36.56,0.0,0.0,0.0,37.54,28.33,28.82415628579035,0.0,0.0,0.0,0.0,0.0,0.0,0.0
2024-03-26,2024,86,28.12,29.0,0.0,0.0,0.0,36.56,28.22,27.75094557856263,0.0,0.0,0.0,0.0,0.0,0.0,0.0
2024-03-27,2024,87,27.74,26.52,0.0,0.0,0.0,29.0,28.12,26.987834141812296,0.0,0.0,0.0,0.0,0.0,0.0,0.0
2024-03-28,2024,88,28.64,29.25,0.0,0.0,0.0,26.52,27.74,28.41434850009611,0.0,0.0,0.0,0.0,0.0,0.0,0.0
2024-03-29,2024,89,29.11,35.64,0.0,0.0,0.0,29.25,28.64,29.835472256741888,0.0,0.0,0.0,0.0,0.0,0.0,0.0
2024-03-30,2024,90,28.6,34.26,0.0,0.0,0.0,35.64,29.11,29.010603737045315,0.0,0.0,0.0,0.0,0.0,0.0,0.0
2024-03-31,2024,91,28.15,38.84,0.0,0.0,0.0,34.26,28.6,29.02144496753889,0.0,0.0,0.0,0.0,0.0,0.0,0.0
2024-04-01,2024,92,29.2,42.87,0.0,0.0,0.0,38.84,28.15,30.91365739060449,0.0,0.0,0.0,0.0,0.0,0.0,0.0
2024-04-02,2024,93,29.68,37.55,0.0,0.0,0.0,42.87,29.2,30.82472356425896,0.0,0.0,0.0,0.0,0.0,0.0,0.0
2024-04-03,2024,94,29.85,35.38,0.0,0.0,0.0,37.55,29.68,30.744930893398518,0.0,0.0,0.0,0.0,0.0,0.0,0.0
2024-04-04,2024,95,29.88,38.22,0.0,0.0,0.0,35.38,29.85,31.176957657575635,0.0,0.0,0.0,0.0,0.0,0.0,0.0
2024-04-05,2024,96,30.46,30.13,0.0,0.0,0.0,38.22,29.88,30.776638568768448,0.0,0.0,0.0,0.0,0.0,0.0,0.0
2024-04-06,2024,97,30.23,30.81,0.0,0.0,0.0,30.13,30.46,30.58643377147107,0.0,0.0,0.0,0.0,0.0,0.0,0.0
2024-04-07,2024,98,29.99,28.07,0.0,0.0,0.0,30.81,30.23,29.904858781141094,0.0,0.0,0.0,0.0,0.0,0.0,0.0
2024-04-08,2024,99,29.69,41.39,0.0,0.0,0.0,28.07,29.99,31.364098780531485,0.0,0.0,0.0,0.0,0.0,0.0,0.0
2024-04-09,2024,100,28.99,43.21,0.0,0.0,0.0,41.39,29.69,30.679645012287395,0.0,0.0,0.0,0.0,0.0,0.0,0.0
2024-04-10,2024,101,29.25,46.34,0.0,0.0,0.0,43.21,28.99,31.44395229806375,0.0,0.0,0.0,0.0,0.0,0.0,0.0
2024-04-11,2024,102,29.51,45.27,0.0,0.0,0.0,46.34,29.25,31.652152192798475,0.0,0.0,0.0,0.0,0.0,0.0,0.0
2024-04-12,2024,103,29.3,47.4,0.0,0.0,0.0,45.27,29.51,31.6539064351851,0.0,0.0,0.0,0.0,0.0,0.0,0.0
2024-04-13,2024,104,29.02,44.54,0.0,0.0,0.0,47.4,29.3,30.894934449837237,0.0,0.0,0.0,0.0,0.0,0.0,0.0
2024-04-14,2024,105,29.22,42.99,0.0,0.0,0.0,44.54,29.02,30.95625777165432,0.0,0.0,0.0,0.0,0.0,0.0,0.0
2024-04-15,2024,106,29.5,41.13,0.0,0.0,0.0,42.99,29.22,31.07723686640729,0.0,0.0,0.0,0.0,0.0,0.0,0.0
2024-04-16,2024,107,30.25,38.07,0.0,0.0,0.0,41.13,29.5,31.639133676522057,0.0,0.0,0.0,0.0,0.0,0.0,0.0
2024-04-17,2024,108,31.5,37.34,0.0,0.0,0.0,38.07,30.25,33.175515442597415,0.0,0.0,0.0,0.0,0.0,0.0,0.0
2024-04-18,2024,109,32.75,35.39,0.0,0.0,0.0,37.34,31.5,34.521927763746675,0.0,0.0,0.0,0.0,0.0,0.0,0.0
2024-04-19,2024,110,32.25,38.48,1.5,1.5,0.21428571428571427,35.39,32.75,34.35190825037334,0.0,0.0,0.0,0.0,0.0,0.0,0.0
2024-04-20,2024,111,31.74,36.36,0.51,2.01,0.2871428571428571,38.48,32.25,33.34213914675548,0.0,0.0,0.0,0.0,0.0,0.0,0.0
2024-04-21,2024,112,31.42,39.14,0.0,2.01,0.2871428571428571,36.36,31.74,33.34220094071513,0.0,0.0,0.0,0.0,0.0,0.0,0.0
2024-04-22,2024,113,31.06,37.29,0.0,2.01,0.2871428571428571,39.14,31.42,32.58816687563978,0.0,0.0,0.0,0.0,0.0,0.0,0.0
2024-04-23,2024,114,30.4,34.5,0.0,2.01,0.2871428571428571,37.29,31.06,31.32581135793464,0.0,0.0,0.0,0.0,0.0,0.0,0.0
2024-04-24,2024,115,30.45,34.62,0.0,2.01,0.2871428571428571,34.5,30.4,31.40707723773332,0.0,0.0,0.0,0.0,0.0,0.0,0.0
2024-04-25,2024,116,30.32,37.68,0.0,2.01,0.2871428571428571,34.62,30.45,31.675311114671587,0.0,0.0,0.0,0.0,0.0,0.0,0.0
2024-04-26,2024,117,30.11,38.09,0.0,0.51,0.07285714285714286,37.68,30.32,31.458953987792533,0.0,0.0,0.0,0.0,0.0,0.0,0.0
2024-04-27,2024,118,30.23,35.61,0.0,0.0,0.0,38.09,30.11,31.265138156510382,0.0,0.0,0.0,0.0,0.0,0.0,0.0
2024-04-28,2024,119,31.25,34.47,0.0,0.0,0.0,35.61,30.23,32.41554644344291,0.0,0.0,0.0,0.0,0.0,0.0,0.0
2024-04-29,2024,120,30.9,33.38,0.0,0.0,0.0,34.47,31.25,31.803697317389194,0.0,0.0,0.0,0.0,0.0,0.0,0.0
2024-04-30,2024,121,31.77,31.66,0.0,0.0,0.0,33.38,30.9,32.65627118606082,0.0,0.0,0.0,0.0,0.0,0.0,0.0
2024-05-01,2024,122,32.88,41.43,0.0,0.0,0.0,31.66,31.77,35.686477173063,0.0,0.0,0.0,0.0,0.0,0.0,0.0
2024-05-02,2024,123,31.26,47.51,0.11,0.11,0.015714285714285715,41.43,32.88,34.38371404054675,0.0,0.0,0.0,0.0,0.0,0.0,0.0
2024-05-03,2024,124,31.56,50.63,4.09,4.2,0.6,47.51,31.26,35.28173093703792,0.0,0.0,0.0,0.0,0.0,0.0,0.0
2024-05-04,2024,125,30.66,51.29,0.0,4.2,0.6,50.63,31.56,34.092484812171,0.0,0.0,0.0,0.0,0.0,0.0,0.0
2024-05-05,2024,126,31.53,44.97,0.0,4.2,0.6,51.29,30.66,34.37686612708195,0.0,0.0,0.0,0.0,0.0,0.0,0.0
2024-05-06,2024,127,31.0,53.87,15.4,19.6,2.8000000000000003,44.97,31.53,34.9589265864266,0.0,0.0,0.0,0.0,0.0,0.0,0.0
2024-05-07,2024,128,29.24,60.36,0.15,19.75,2.8214285714285716,53.87,31.0,33.30326387282099,0.0,0.0,0.0,0.0,0.0,0.0,0.0
2024-05-08,2024,129,27.63,68.55,11.58,31.33,4.475714285714285,60.36,29.24,31.97148343055764,0.0,0.0,0.0,0.0,0.0,0.0,0.0
2024-05-09,2024,130,27.76,65.73,13.23,44.45,6.3500000000000005,68.55,27.63,31.81916372194822,0.0,0.0,0.0,0.0,0.0,0.0,0.0
2024-05-10,2024,131,27.39,63.52,13.15,53.51,7.644285714285714,65.73,27.76,31.011896514022865,0.0,0.0,0.0,0.0,0.0,0.0,0.0
2024-05-11,2024,132,27.7,63.65,0.0,53.51,7.644285714285714,63.52,27.39,31.476898952577123,0.0,0.0,0.0,0.0,0.0,0.0,0.0
2024-05-12,2024,133,27.69,67.49,5.68,59.19,8.455714285714285,63.65,27.7,31.931274119514086,0.0,0.0,0.0,0.0,0.0,0.0,0.0
2024-05-13,2024,134,26.42,72.54,18.42,62.21,8.887142857142857,67.49,27.69,30.643011680628383,0.0,0.0,0.0,0.0,0.0,0.0,0.0
2024-05-14,2024,135,26.62,66.33,0.08,62.14,8.877142857142857,72.54,26.42,30.228005322994363,0.0,0.0,0.0,0.0,0.0,0.0,0.0
2024-05-15,2024,136,28.03,58.96,0.31,50.870000000000005,7.267142857142858,66.33,26.62,31.373577425499228,0.0,0.0,0.0,0.0,0.0,0.0,0.0
2024-05-16,2024,137,26.0,66.18,2.77,40.41,5.772857142857142,58.96,28.03,29.318620814152,0.0,0.0,0.0,0.0,0.0,0.0,0.0
2024-05-17,2024,138,27.34,63.09,4.17,31.43,4.49,66.18,26.0,30.888216538184395,0.0,0.0,0.0,0.0,0.0,0.0,0.0
2024-05-18,2024,139,26.38,73.37,1.92,33.35,4.764285714285714,63.09,27.34,30.677541930547804,0.0,0.0,0.0,0.0,0.0,0.0,0.0
2024-05-19,2024,140,25.22,77.18,38.35,66.02000000000001,9.431428571428572,73.37,26.38,29.369861442999593,0.0,0.0,0.0,0.0,0.0,0.0,0.0
2024-05-20,2024,141,24.14,74.59,17.16,64.76,9.251428571428573,77.18,25.22,27.52511915822535,0.0,0.0,0.0,0.0,0.0,0.0,0.0
2024-05-21,2024,142,25.5,75.48,0.97,65.65,9.37857142857143,74.59,24.14,29.603842292513924,0.0,0.0,0.0,0.0,0.0,0.0,0.0
2024-05-22,2024,143,27.26,67.18,1.12,66.46000000000001,9.494285714285715,75.48,25.5,31.260052735955703,0.0,0.0,0.0,0.0,0.0,0.0,0.0
2024-05-23,2024,144,27.91,65.07,0.1,63.790000000000006,9.112857142857143,67.18,27.26,31.958221075028803,0.0,0.0,0.0,0.0,0.0,0.0,0.0
2024-05-24,2024,145,27.5,67.86,4.61,64.23,9.175714285714287,65.07,27.91,31.695131896229164,0.0,0.0,0.0,0.0,0.0,0.0,0.0
2024-05-25,2024,146,23.58,78.94,1.83,64.14,9.162857142857144,67.86,27.5,27.13754571414252,0.0,0.0,0.0,0.0,0.0,0.0,0.0
2024-05-26,2024,147,25.66,71.66,1.49,27.28,3.8971428571428572,78.94,23.58,29.42696029725608,0.0,0.0,0.0,0.0,0.0,0.0,0.0
2024-05-27,2024,148,26.5,72.23,0.0,10.120000000000001,1.445714285714286,71.66,25.66,30.726495804150993,0.0,0.0,0.0,0.0,0.0,0.0,0.0
2024-05-28,2024,149,26.88,67.39,0.49,9.64,1.3771428571428572,72.23,26.5,30.728459363588563,0.0,0.0,0.0,0.0,0.0,0.0,0.0
2024-05-29,2024,150,26.42,71.03,0.37,8.89,1.27,67.39,26.88,30.471840635167275,0.0,0.0,0.0,0.0,0.0,0.0,0.0
2024-05-30,2024,151,27.02,73.28,0.82,9.610000000000001,1.372857142857143,71.03,26.42,31.62474545772924,0.0,0.0,0.0,0.0,0.0,0.0,0.0
2024-05-31,2024,152,27.94,69.42,0.07,5.07,0.7242857142857143,73.28,27.02,32.54125324918735,0.0,0.0,0.0,0.0,0.0,0.0,0.0
2024-06-01,2024,153,26.46,77.68,30.76,34.0,4.857142857142857,69.42,27.94,31.286421894067374,0.0,0.0,0.0,0.0,0.0,0.0,0.0
2024-06-02,2024,154,25.17,75.31,38.97,71.47999999999999,10.21142857142857,77.68,26.46,29.098815860675394,0.0,0.0,0.0,0.0,0.0,0.0,0.0
2024-06-03,2024,155,25.99,76.26,0.47,71.95,10.278571428571428,75.31,25.17,30.41835644243504,0.0,0.0,0.0,0.0,0.0,0.0,0.0
2024-06-04,2024,156,25.5,80.43,1.63,73.09,10.441428571428572,76.26,25.99,30.135294589121557,0.0,0.0,0.0,0.0,0.0,0.0,0.0
2024-06-05,2024,157,24.99,81.78,20.24,92.96,13.28,80.43,25.5,29.508351656521896,0.0,0.0,0.0,0.0,0.0,0.0,0.0
2024-06-06,2024,158,24.69,79.64,8.79,100.93,14.418571428571429,81.78,24.99,28.838546809858684,0.0,0.0,0.0,0.0,0.0,0.0,0.0
2024-06-07,2024,159,24.22,80.02,11.32,112.17999999999999,16.025714285714283,79.64,24.69,28.180770452104824,0.0,0.0,0.0,0.0,0.0,0.0,0.0
2024-06-08,2024,160,24.71,76.27,0.69,82.10999999999999,11.729999999999999,80.02,24.22,28.523048401385353,0.0,0.0,0.0,0.0,0.0,0.0,0.0
2024-06-09,2024,161,23.99,77.23,2.74,45.88,6.554285714285714,76.27,24.71,27.568096923790122,0.0,0.0,0.0,0.0,0.0,0.0,0.0
2024-06-10,2024,162,23.78,76.86,2.47,47.88,6.840000000000001,77.23,23.99,27.227372685445687,0.0,0.0,0.0,0.0,0.0,0.0,0.0
2024-06-11,2024,163,23.06,75.49,0.26,46.51,6.644285714285714,76.86,23.78,26.064321903556934,0.0,0.0,0.0,0.0,0.0,0.0,0.0
2024-06-12,2024,164,22.92,76.33,0.46,26.73,3.8185714285714285,75.49,23.06,25.942621094154646,0.0,0.0,0.0,0.0,0.0,0.0,0.0
2024-06-13,2024,165,23.73,68.16,7.03,24.97,3.567142857142857,76.33,22.92,26.31458299643469,0.0,0.0,0.0,0.0,0.0,0.0,0.0
2024-06-14,2024,166,23.2,70.75,0.0,13.65,1.95,68.16,23.73,25.82021161401367,0.0,0.0,0.0,0.0,0.0,0.0,0.0
2024-06-15,2024,167,24.59,75.06,0.15,13.110000000000001,1.872857142857143,70.75,23.2,28.224261182092775,0.0,0.0,0.0,0.0,0.0,0.0,0.0
2024-06-16,2024,168,24.82,69.65,0.06,10.430000000000001,1.4900000000000002,75.06,24.59,28.001822729438466,0.0,0.0,0.0,0.0,0.0,0.0,0.0
2024-06-17,2024,169,25.36,70.57,6.05,14.01,2.0014285714285713,69.65,24.82,28.874053918723618,0.0,0.0,0.0,0.0,0.0,0.0,0.0
2024-06-18,2024,170,24.39,74.96,2.2,15.95,2.2785714285714285,70.57,25.36,27.923576145190907,0.0,0.0,0.0,0.0,0.0,0.0,0.0
2024-06-19,2024,171,23.94,75.89,4.28,19.77,2.8242857142857143,74.96,24.39,27.364321203199733,0.0,0.0,0.0,0.0,0.0,0.0,0.0
2024-06-20,2024,172,24.02,76.81,0.31,13.05,1.8642857142857143,75.89,23.94,27.570449367483466,0.0,0.0,0.0,0.0,0.0,0.0,0.0
2024-06-21,2024,173,23.13,78.14,1.35,14.4,2.0571428571428574,76.81,24.02,26.41089803214592,0.0,0.0,0.0,0.0,0.0,0.0,0.0
2024-06-22,2024,174,23.69,77.22,0.37,14.62,2.0885714285714285,78.14,23.13,27.13191871470491,0.0,0.0,0.0,0.0,0.0,0.0,0.0
2024-06-23,2024,175,23.05,80.42,0.01,14.57,2.0814285714285714,77.22,23.69,26.50724713171129,0.0,0.0,0.0,0.0,0.0,0.0,0.0
2024-06-24,2024,176,23.13,79.04,0.24,8.76,1.2514285714285713,80.42,23.05,26.494757876386146,0.0,0.0,0.0,0.0,0.0,0.0,0.0
2024-06-25,2024,177,22.92,75.95,0.01,6.57,0.9385714285714286,79.04,23.13,25.907659794327856,0.0,0.0,0.0,0.0,0.0,0.0,0.0
2024-06-26,2024,178,22.54,70.7,0.0,2.29,0.3271428571428571,75.95,22.92,24.89674395545604,0.0,0.0,0.0,0.0,0.0,0.0,0.0
2024-06-27,2024,179,21.65,76.46,5.05,7.029999999999999,1.0042857142857142,70.7,22.54,24.162391848223535,0.0,0.0,0.0,0.0,0.0,0.0,0.0
2024-06-28,2024,180,23.24,72.01,0.0,5.680000000000001,0.8114285714285715,76.46,21.65,25.99438375017761,0.0,0.0,0.0,0.0,0.0,0.0,0.0
2024-06-29,2024,181,24.72,74.28,0.0,5.3100000000000005,0.7585714285714287,72.01,23.24,28.333731571306586,0.0,0.0,0.0,0.0,0.0,0.0,0.0
2024-06-30,2024,182,24.09,74.22,1.62,6.92,0.9885714285714285,74.28,24.72,27.41651461763778,0.0,0.0,0.0,0.0,0.0,0.0,0.0
2024-07-01,2024,183,22.5,79.95,1.09,7.7700000000000005,1.11,74.22,24.09,25.671015099814056,0.0,0.0,0.0,0.0,0.0,0.0,0.0
2024-07-02,2024,184,24.63,69.45,0.0,7.76,1.1085714285714285,79.95,22.5,27.71055213173316,0.0,0.0,0.0,0.0,0.0,0.0,0.0
2024-07-03,2024,185,24.37,77.46,3.58,11.34,1.6199999999999999,69.45,24.63,28.145529557965226,0.0,0.0,0.0,0.0,0.0,0.0,0.0
2024-07-04,2024,186,24.92,72.12,1.03,7.32,1.0457142857142858,77.46,24.37,28.400923294146224,0.0,0.0,0.0,0.0,0.0,0.0,0.0
2024-07-05,2024,187,23.09,76.95,1.81,9.13,1.3042857142857145,72.12,24.92,26.24272930494032,0.0,0.0,0.0,0.0,0.0,0.0,0.0
2024-07-06,2024,188,23.39,81.19,1.28,10.41,1.487142857142857,76.95,23.09,27.074590007139356,0.0,0.0,0.0,0.0,0.0,0.0,0.0
2024-07-07,2024,189,23.92,74.54,1.01,9.799999999999999,1.4,81.19,23.39,27.20350932710359,0.0,0.0,0.0,0.0,0.0,0.0,0.0
2024-07-08,2024,190,23.54,76.52,8.9,17.61,2.5157142857142856,74.54,23.92,26.84825771712636,0.0,0.0,0.0,0.0,0.0,0.0,0.0
2024-07-09,2024,191,23.61,79.8,0.33,17.939999999999998,2.5628571428571427,76.52,23.54,27.26367326762183,0.0,0.0,0.0,0.0,0.0,0.0,0.0
2024-07-10,2024,192,23.62,78.11,12.78,27.14,3.8771428571428572,79.8,23.61,27.11608922057946,0.0,0.0,0.0,0.0,0.0,0.0,0.0
2024-07-11,2024,193,24.64,72.19,0.0,26.11,3.73,78.11,23.62,28.004291524637637,0.0,0.0,0.0,0.0,0.0,0.0,0.0
2024-07-12,2024,194,23.47,74.73,16.88,41.18,5.882857142857143,72.19,24.64,26.577301844769337,0.0,0.0,0.0,0.0,0.0,0.0,0.0
2024-07-13,2024,195,23.29,76.68,0.73,40.629999999999995,5.804285714285713,74.73,23.47,26.504129587843764,0.0,0.0,0.0,0.0,0.0,0.0,0.0
2024-07-14,2024,196,23.63,77.67,6.63,46.25,6.607142857142857,76.68,23.29,27.08834513559662,0.0,0.0,0.0,0.0,0.0,0.0,0.0
2024-07-15,2024,197,23.55,83.44,8.43,45.779999999999994,6.539999999999999,77.67,23.63,27.523966558348025,0.0,0.0,0.0,0.0,0.0,0.0,0.0
2024-07-16,2024,198,23.05,84.12,1.42,46.87,6.695714285714286,83.44,23.55,26.85034355532894,0.0,0.0,0.0,0.0,0.0,0.0,0.0
2024-07-17,2024,199,23.23,81.59,0.0,34.09,4.87,84.12,23.05,26.878354523117515,0.0,0.0,0.0,0.0,0.0,0.0,0.0
2024-07-18,2024,200,23.0,82.27,3.41,37.5,5.357142857142857,81.59,23.23,26.60579540675851,0.0,0.0,0.0,0.0,0.0,0.0,0.0
2024-07-19,2024,201,23.16,81.56,5.76,26.38,3.7685714285714282,82.27,23.0,26.77333308328309,0.0,0.0,0.0,0.0,0.0,0.0,0.0
2024-07-20,2024,202,23.48,79.65,0.47,26.119999999999997,3.731428571428571,81.56,23.16,27.059785577494146,0.0,0.0,0.0,0.0,0.0,0.0,0.0
2024-07-21,2024,203,24.04,77.23,1.16,20.65,2.9499999999999997,79.65,23.48,27.640839796892585,0.0,0.0,0.0,0.0,0.0,0.0,0.0
2024-07-22,2024,204,23.65,75.07,0.0,12.219999999999999,1.7457142857142856,77.23,24.04,26.86734808873773,0.0,0.0,0.0,0.0,0.0,0.0,0.0
2024-07-23,2024,205,23.85,74.17,0.7,11.5,1.6428571428571428,75.07,23.65,27.066984409805137,0.0,0.0,0.0,0.0,0.0,0.0,0.0
2024-07-24,2024,206,23.2,77.3,0.4,11.9,1.7,74.17,23.85,26.433107530222706,0.0,0.0,0.0,0.0,0.0,0.0,0.0
2024-07-25,2024,207,23.72,76.65,3.37,11.86,1.6942857142857142,77.3,23.2,27.120311335403162,0.0,0.0,0.0,0.0,0.0,0.0,0.0
2024-07-26,2024,208,23.65,76.5,2.24,8.34,1.1914285714285715,76.65,23.72,27.004830542006616,0.0,0.0,0.0,0.0,0.0,0.0,0.0
2024-07-27,2024,209,23.8,74.69,0.19,8.06,1.1514285714285715,76.5,23.65,27.045804840143777,0.0,0.0,0.0,0.0,0.0,0.0,0.0
2024-07-28,2024,210,24.32,74.9,0.0,6.9,0.9857142857142858,74.69,23.8,27.816113506942013,0.0,0.0,0.0,0.0,0.0,0.0,0.0
2024-07-29,2024,211,24.93,76.14,2.59,9.49,1.3557142857142856,74.9,24.32,28.83261528550495,0.0,0.0,0.0,0.0,0.0,0.0,0.0
2024-07-30,2024,212,23.6,81.24,2.27,11.06,1.58,76.14,24.93,27.387101575226218,0.0,0.0,0.0,0.0,0.0,0.0,0.0
2024-07-31,2024,213,24.24,81.04,6.76,17.42,2.488571428571429,81.24,23.6,28.31189867569232,0.0,0.0,0.0,0.0,0.0,0.0,0.0
2024-08-01,2024,214,24.4,78.07,2.84,16.89,2.412857142857143,81.04,24.24,28.25082531513815,0.0,0.0,0.0,0.0,0.0,0.0,0.0
2024-08-02,2024,215,23.76,76.22,0.44,15.089999999999998,2.1557142857142852,78.07,24.4,27.136495919788047,0.0,0.0,0.0,0.0,0.0,0.0,0.0
2024-08-03,2024,216,23.21,79.31,3.16,18.06,2.5799999999999996,76.22,23.76,26.635663771924442,0.0,0.0,0.0,0.0,0.0,0.0,0.0
2024-08-04,2024,217,22.83,80.57,0.24,18.3,2.6142857142857143,79.31,23.21,26.202490706994737,0.0,0.0,0.0,0.0,0.0,0.0,0.0
2024-08-05,2024,218,24.54,76.81,38.78,54.49,7.784285714285715,80.57,22.83,28.328973894543005,0.0,0.0,0.0,0.0,0.0,0.0,0.0
2024-08-06,2024,219,23.32,83.89,12.88,65.1,9.299999999999999,76.81,24.54,27.22673416635638,0.0,0.0,0.0,0.0,0.0,0.0,0.0
2024-08-07,2024,220,23.05,84.49,3.35,61.690000000000005,8.812857142857144,83.89,23.32,26.884653197690707,0.0,0.0,0.0,0.0,0.0,0.0,0.0
2024-08-08,2024,221,23.9,78.71,0.34,59.190000000000005,8.455714285714286,84.49,23.05,27.581750854127574,0.0,0.0,0.0,0.0,0.0,0.0,0.0
2024-08-09,2024,222,24.68,78.5,21.24,79.99,11.427142857142856,78.71,23.9,28.70711736763633,0.0,0.0,0.0,0.0,0.0,0.0,0.0
2024-08-10,2024,223,24.24,81.03,0.93,77.76,11.108571428571429,78.5,24.68,28.310902636862643,0.0,0.0,0.0,0.0,0.0,0.0,0.0
2024-08-11,2024,224,24.14,82.44,34.26,111.78,15.968571428571428,81.03,24.24,28.30234379144789,0.0,0.0,0.0,0.0,0.0,0.0,0.0
2024-08-12,2024,225,23.36,89.07,18.62,91.62,13.088571428571429,82.44,24.14,27.775209367124326,0.0,0.0,0.0,0.0,0.0,0.0,0.0
2024-08-13,2024,226,25.26,80.96,0.41,79.14999999999999,11.307142857142855,89.07,23.36,29.82934071920546,0.0,0.0,0.0,0.0,0.0,0.0,0.0
2024-08-14,2024,227,25.09,80.9,0.0,75.8,10.828571428571427,80.96,25.26,29.566948763436464,0.0,0.0,0.0,0.0,0.0,0.0,0.0
2024-08-15,2024,228,25.12,78.31,0.0,75.46,10.78,80.9,25.09,29.340205045088382,0.0,0.0,0.0,0.0,0.0,0.0,0.0
2024-08-16,2024,229,25.32,81.48,10.23,64.45,9.207142857142857,78.31,25.12,29.975148703174966,0.0,0.0,0.0,0.0,0.0,0.0,0.0
2024-08-17,2024,230,24.51,86.38,0.0,63.519999999999996,9.074285714285713,81.48,25.32,29.253752645514,0.0,0.0,0.0,0.0,0.0,0.0,0.0
2024-08-18,2024,231,24.66,79.83,1.07,30.330000000000002,4.332857142857143,86.38,24.51,28.813388042764537,0.0,0.0,0.0,0.0,0.0,0.0,0.0
2024-08-19,2024,232,24.56,81.15,4.41,16.12,2.302857142857143,79.83,24.66,28.7989042352581,0.0,0.0,0.0,0.0,0.0,0.0,0.0
2024-08-20,2024,233,24.65,81.23,18.55,34.260000000000005,4.894285714285715,81.15,24.56,28.941429640605897,0.0,0.0,0.0,0.0,0.0,0.0,0.0
2024-08-21,2024,234,24.14,83.39,0.0,34.260000000000005,4.894285714285715,81.23,24.65,28.39640282349393,0.0,0.0,0.0,0.0,0.0,0.0,0.0
2024-08-22,2024,235,23.52,84.31,0.0,34.260000000000005,4.894285714285715,83.39,24.14,27.562581631613675,0.0,0.0,0.0,0.0,0.0,0.0,0.0
2024-08-23,2024,236,23.85,81.42,0.57,24.6,3.5142857142857147,84.31,23.52,27.77243320272798,0.0,0.0,0.0,0.0,0.0,0.0,0.0
2024-08-24,2024,237,23.03,81.15,4.66,29.26,4.180000000000001,81.42,23.85,26.545857223361264,0.0,0.0,0.0,0.0,0.0,0.0,0.0
2024-08-25,2024,238,23.05,83.31,0.44,28.630000000000003,4.090000000000001,81.15,23.03,26.77523325718562,0.0,0.0,0.0,0.0,0.0,0.0,0.0
2024-08-26,2024,239,23.83,79.2,1.18,25.400000000000002,3.628571428571429,83.31,23.05,27.52717575960346,0.0,0.0,0.0,0.0,0.0,0.0,0.0
2024-08-27,2024,240,22.85,84.33,0.1,6.95,0.9928571428571429,79.2,23.83,26.575885114636037,0.0,0.0,0.0,0.0,0.0,0.0,0.0
2024-08-28,2024,241,22.67,82.67,0.97,7.92,1.1314285714285715,84.33,22.85,26.1617573053496,0.0,0.0,0.0,0.0,0.0,0.0,0.0
2024-08-29,2024,242,23.68,82.58,2.84,10.76,1.5371428571428571,82.67,22.67,27.633697342644695,0.0,0.0,0.0,0.0,0.0,0.0,0.0
2024-08-30,2024,243,22.8,86.6,8.28,18.47,2.6385714285714283,82.58,23.68,26.709894625664305,0.0,0.0,0.0,0.0,0.0,0.0,0.0
2024-08-31,2024,244,22.6,82.68,2.28,16.09,2.2985714285714285,86.6,22.8,26.06096272236816,0.0,0.0,0.0,0.0,0.0,0.0,0.0
2024-09-01,2024,245,22.54,79.03,0.06,15.709999999999999,2.244285714285714,82.68,22.6,25.64570685713848,0.0,0.0,0.0,0.0,0.0,0.0,0.0
2024-09-02,2024,246,23.0,79.26,1.96,16.49,2.3557142857142854,79.03,22.54,26.327523324901904,0.0,0.0,0.0,0.0,0.0,0.0,0.0
2024-09-03,2024,247,24.04,80.08,0.0,16.389999999999997,2.341428571428571,79.26,23.0,27.921331748480622,0.0,0.0,0.0,0.0,0.0,0.0,0.0
2024-09-04,2024,248,23.42,83.59,0.04,15.459999999999999,2.2085714285714286,80.08,24.04,27.34605337017812,0.0,0.0,0.0,0.0,0.0,0.0,0.0
2024-09-05,2024,249,23.48,84.28,0.24,12.86,1.837142857142857,83.59,23.42,27.50039332669437,0.0,0.0,0.0,0.0,0.0,0.0,0.0
2024-09-06,2024,250,23.42,83.83,0.23,4.81,0.687142857142857,84.28,23.48,27.368810312501875,0.0,0.0,0.0,0.0,0.0,0.0,0.0
2024-09-07,2024,251,23.28,83.85,0.04,2.57,0.3671428571428571,83.83,23.42,27.163937255003255,0.0,0.0,0.0,0.0,0.0,0.0,0.0
2024-09-08,2024,252,23.5,81.76,0.1,2.61,0.37285714285714283,83.85,23.28,27.289950302196324,0.0,0.0,0.0,0.0,0.0,0.0,0.0
2024-09-09,2024,253,24.01,79.46,0.08,0.73,0.10428571428571429,81.76,23.5,27.816265364503906,0.0,0.0,0.0,0.0,0.0,0.0,0.0
2024-09-10,2024,254,23.98,80.52,0.27,1.0,0.14285714285714285,79.46,24.01,27.876189140584742,0.0,0.0,0.0,0.0,0.0,0.0,0.0
2024-09-11,2024,255,23.81,77.84,0.01,0.97,0.13857142857142857,80.52,23.98,27.36592612606678,0.0,0.0,0.0,0.0,0.0,0.0,0.0
2024-09-12,2024,256,23.38,79.89,0.0,0.73,0.10428571428571429,77.84,23.81,26.9369933341557,0.0,0.0,0.0,0.0,0.0,0.0,0.0
2024-09-13,2024,257,24.19,74.57,0.0,0.5,0.07142857142857142,79.89,23.38,27.595271331208476,0.0,0.0,0.0,0.0,0.0,0.0,0.0
2024-09-14,2024,258,24.29,73.33,0.28,0.7400000000000001,0.10571428571428573,74.57,24.19,27.615830987580814,0.0,0.0,0.0,0.0,0.0,0.0,0.0
2024-09-15,2024,259,24.13,73.96,0.0,0.6400000000000001,0.09142857142857144,73.33,24.29,27.44835978062688,0.0,0.0,0.0,0.0,0.0,0.0,0.0
2024-09-16,2024,260,23.92,74.94,0.0,0.56,0.08,73.96,24.13,27.242594432159148,0.0,0.0,0.0,0.0,0.0,0.0,0.0
2024-09-17,2024,261,24.16,73.67,0.0,0.29000000000000004,0.04142857142857143,74.94,23.92,27.46276965753684,0.0,0.0,0.0,0.0,0.0,0.0,0.0
2024-09-18,2024,262,23.74,71.53,0.0,0.28,0.04,73.67,24.16,26.65429272481126,0.0,0.0,0.0,0.0,0.0,0.0,0.0
2024-09-19,2024,263,24.58,70.06,0.0,0.28,0.04,71.53,23.74,27.701466442822976,0.0,0.0,0.0,0.0,0.0,0.0,0.0
2024-09-20,2024,264,24.76,73.93,0.0,0.28,0.04,70.06,24.58,28.355944217553343,0.0,0.0,0.0,0.0,0.0,0.0,0.0
2024-09-21,2024,265,24.82,74.27,0.12,0.12,0.017142857142857144,73.93,24.76,28.478204940637397,0.0,0.0,0.0,0.0,0.0,0.0,0.0
2024-09-22,2024,266,23.91,77.01,0.63,0.75,0.10714285714285714,74.27,24.82,27.43034789937528,0.0,0.0,0.0,0.0,0.0,0.0,0.0
2024-09-23,2024,267,23.96,81.05,0.87,1.62,0.23142857142857146,77.01,23.91,27.898638886482892,0.0,0.0,0.0,0.0,0.0,0.0,0.0
2024-09-24,2024,268,23.85,82.08,0.82,2.44,0.3485714285714286,81.05,23.96,27.836653368704404,0.0,0.0,0.0,0.0,0.0,0.0,0.0
2024-09-25,2024,269,24.0,80.13,3.46,5.9,0.8428571428571429,82.08,23.85,27.86737022782731,0.0,0.0,0.0,0.0,0.0,0.0,0.0
2024-09-26,2024,270,23.23,78.31,0.33,6.2299999999999995,0.8899999999999999,80.13,24.0,26.570882984499725,0.0,0.0,0.0,0.0,0.0,0.0,0.0
2024-09-27,2024,271,24.2,76.35,0.53,6.76,0.9657142857142856,78.31,23.23,27.78657579605303,0.0,0.0,0.0,0.0,0.0,0.0,0.0
2024-09-28,2024,272,24.58,77.14,4.43,11.07,1.5814285714285714,76.35,24.2,28.421135047093415,0.0,0.0,0.0,0.0,0.0,0.0,0.0
2024-09-29,2024,273,24.72,77.65,0.0,10.440000000000001,1.4914285714285715,77.14,24.58,28.679158003661236,0.0,0.0,0.0,0.0,0.0,0.0,0.0
2024-09-30,2024,274,24.63,73.09,0.0,9.57,1.3671428571428572,77.65,24.72,28.081656663907516,0.0,0.0,0.0,0.0,0.0,0.0,0.0
2024-10-01,2024,275,25.45,71.09,0.0,8.75,1.25,73.09,24.63,29.059928558225877,0.0,0.0,0.0,0.0,0.0,0.0,0.0
2024-10-02,2024,276,26.06,75.56,27.21,32.5,4.642857142857143,71.09,25.45,30.445565740114475,0.0,0.0,0.0,0.0,0.0,0.0,0.0
2024-10-03,2024,277,24.0,87.35,6.99,39.160000000000004,5.594285714285715,75.56,26.06,28.57624846375534,0.0,0.0,0.0,0.0,0.0,0.0,0.0
2024-10-04,2024,278,23.61,87.97,22.22,60.85,8.692857142857143,87.35,24.0,28.047263625973592,0.0,0.0,0.0,0.0,0.0,0.0,0.0
2024-10-05,2024,279,23.48,85.81,26.11,82.53,11.790000000000001,87.97,23.61,27.645993727617984,0.0,0.0,0.0,0.0,0.0,0.0,0.0
2024-10-06,2024,280,21.24,88.58,0.0,82.53,11.790000000000001,85.81,23.48,24.597961504348866,0.0,0.0,0.0,0.0,0.0,0.0,0.0
2024-10-07,2024,281,23.07,80.6,0.0,82.53,11.790000000000001,88.58,21.24,26.55296817497556,0.0,0.0,0.0,0.0,0.0,0.0,0.0
2024-10-08,2024,282,23.6,83.56,3.32,85.85,12.264285714285714,80.6,23.07,27.609480645321305,0.0,0.0,0.0,0.0,0.0,0.0,0.0
2024-10-09,2024,283,23.58,84.7,0.0,58.64,8.377142857142857,83.56,23.6,27.68899571811339,0.0,0.0,0.0,0.0,0.0,0.0,0.0
2024-10-10,2024,284,23.65,84.67,11.91,63.56,9.08,84.7,23.58,27.790307215577776,0.0,0.0,0.0,0.0,0.0,0.0,0.0
2024-10-11,2024,285,23.24,86.76,0.01,41.35,5.9071428571428575,84.67,23.65,27.37790215477586,0.0,0.0,0.0,0.0,0.0,0.0,0.0
2024-10-12,2024,286,22.85,87.94,1.14,16.38,2.34,86.76,23.24,26.90661492921965,0.0,0.0,0.0,0.0,0.0,0.0,0.0
2024-10-13,2024,287,22.81,87.88,0.98,17.36,2.48,87.94,22.85,26.841664567542807,0.0,0.0,0.0,0.0,0.0,0.0,0.0
2024-10-14,2024,288,22.55,86.55,24.0,41.36,5.908571428571428,87.88,22.81,26.336559572447015,0.0,0.0,0.0,0.0,0.0,0.0,0.0
2024-10-15,2024,289,22.37,90.91,37.88,75.92,10.845714285714285,86.55,22.55,26.460006996289728,0.0,0.0,0.0,0.0,0.0,0.0,0.0
2024-10-16,2024,290,22.25,91.87,6.38,82.3,11.757142857142856,90.91,22.37,26.36608229426729,0.0,0.0,0.0,0.0,0.0,0.0,0.0
2024-10-17,2024,291,23.3,89.61,0.0,70.39,10.055714285714286,91.87,22.25,27.735678802725698,0.0,0.0,0.0,0.0,0.0,0.0,0.0
2024-10-18,2024,292,22.41,83.65,7.37,77.75,11.107142857142858,89.61,23.3,25.872036582165045,0.0,0.0,0.0,0.0,0.0,0.0,0.0
2024-10-19,2024,293,22.66,90.61,24.65,101.25999999999999,14.465714285714284,83.65,22.41,26.866328577897463,0.0,0.0,0.0,0.0,0.0,0.0,0.0
2024-10-20,2024,294,23.37,85.86,12.7,112.97999999999999,16.139999999999997,90.61,22.66,27.48682046109675,0.0,0.0,0.0,0.0,0.0,0.0,0.0
2024-10-21,2024,295,23.67,85.3,17.16,106.13999999999999,15.16285714285714,85.86,23.37,27.880739079544657,0.0,0.0,0.0,0.0,0.0,0.0,0.0
2024-10-22,2024,296,23.84,84.39,5.06,73.32,10.474285714285713,85.3,23.67,28.04649769511181,0.0,0.0,0.0,0.0,0.0,0.0,0.0
2024-10-23,2024,297,23.5,83.48,10.51,77.45,11.064285714285715,84.39,23.84,27.453828904444094,0.0,0.0,0.0,0.0,0.0,0.0,0.0
2024-10-24,2024,298,23.03,86.26,0.0,77.45,11.064285714285715,83.48,23.5,27.019129317155176,0.0,0.0,0.0,0.0,0.0,0.0,0.0
2024-10-25,2024,299,22.6,81.28,0.28,70.36,10.051428571428572,86.26,23.03,25.934628085076007,0.0,0.0,0.0,0.0,0.0,0.0,0.0
2024-10-26,2024,300,22.09,79.56,0.0,45.71,6.53,81.28,22.6,25.05055069235334,0.0,0.0,0.0,0.0,0.0,0.0,0.0
2024-10-27,2024,301,21.7,84.94,0.62,33.63,4.804285714285714,79.56,22.09,24.956772336484804,0.0,0.0,0.0,0.0,0.0,0.0,0.0
2024-10-28,2024,302,22.56,81.1,0.0,16.47,2.3528571428571428,84.94,21.7,25.860668110488362,0.0,0.0,0.0,0.0,0.0,0.0,0.0
2024-10-29,2024,303,23.91,77.57,0.0,11.410000000000002,1.6300000000000003,81.1,22.56,27.48503423652176,0.0,0.0,0.0,0.0,0.0,0.0,0.0
2024-10-30,2024,304,23.98,83.69,1.45,2.35,0.33571428571428574,77.57,23.91,28.187055007147755,0.0,0.0,0.0,0.0,0.0,0.0,0.0
2024-10-31,2024,305,22.83,88.62,2.72,5.07,0.7242857142857143,83.69,23.98,26.93909924852766,0.0,0.0,0.0,0.0,0.0,0.0,0.0
2024-11-01,2024,306,23.34,86.18,7.42,12.21,1.7442857142857144,88.62,22.83,27.472362667692046,0.0,0.0,0.0,0.0,0.0,0.0,0.0
2024-11-02,2024,307,23.0,83.7,0.0,12.21,1.7442857142857144,86.18,23.34,26.73799775793956,0.0,0.0,0.0,0.0,0.0,0.0,0.0
2024-11-03,2024,308,22.75,84.1,0.32,11.91,1.7014285714285715,83.7,23.0,26.40834554572057,0.0,0.0,0.0,0.0,0.0,0.0,0.0
2024-11-04,2024,309,22.28,84.25,0.0,11.91,1.7014285714285715,84.1,22.75,25.7364830931758,0.0,0.0,0.0,0.0,0.0,0.0,0.0
2024-11-05,2024,310,21.67,81.91,0.0,11.91,1.7014285714285715,84.25,22.28,24.65510955664675,0.0,0.0,0.0,0.0,0.0,0.0,0.0
2024-11-06,2024,311,22.3,81.65,0.0,10.459999999999999,1.4942857142857142,81.91,21.67,25.535154626412663,0.0,0.0,0.0,0.0,0.0,0.0,0.0
2024-11-07,2024,312,23.02,85.03,0.0,7.74,1.1057142857142856,81.65,22.3,26.890456287040795,0.0,0.0,0.0,0.0,0.0,0.0,0.0
2024-11-08,2024,313,22.49,83.67,0.0,0.32,0.045714285714285714,85.03,23.02,25.990126756473806,0.0,0.0,0.0,0.0,0.0,0.0,0.0
2024-11-09,2024,314,21.55,83.83,0.0,0.32,0.045714285714285714,83.67,22.49,24.646662315238878,0.0,0.0,0.0,0.0,0.0,0.0,0.0
2024-11-10,2024,315,21.15,81.78,0.0,0.0,0.0,83.83,21.55,23.90577332026906,0.0,0.0,0.0,0.0,0.0,0.0,0.0
2024-11-11,2024,316,21.0,79.27,0.48,0.48,0.06857142857142857,81.78,21.15,23.488485404269106,0.0,0.0,0.0,0.0,0.0,0.0,0.0
2024-11-12,2024,317,21.94,85.26,0.0,0.48,0.06857142857142857,79.27,21.0,25.331447915272598,0.0,0.0,0.0,0.0,0.0,0.0,0.0
2024-11-13,2024,318,22.62,86.56,0.3,0.78,0.11142857142857143,85.26,21.94,26.440560028205546,0.0,0.0,0.0,0.0,0.0,0.0,0.0
2024-11-14,2024,319,22.78,86.56,3.54,4.32,0.6171428571428572,86.56,22.62,26.676680679633478,0.0,0.0,0.0,0.0,0.0,0.0,0.0
2024-11-15,2024,320,22.3,88.25,12.96,17.28,2.468571428571429,86.56,22.78,26.11999259988876,0.0,0.0,0.0,0.0,0.0,0.0,0.0
2024-11-16,2024,321,22.35,87.56,1.4,18.68,2.6685714285714286,88.25,22.3,26.1324399115677,0.0,0.0,0.0,0.0,0.0,0.0,0.0
2024-11-17,2024,322,22.18,84.53,0.0,18.68,2.6685714285714286,87.56,22.35,25.61594687884616,0.0,0.0,0.0,0.0,0.0,0.0,0.0
2024-11-18,2024,323,22.47,83.26,0.0,18.2,2.6,84.53,22.18,25.924328215401665,0.0,0.0,0.0,0.0,0.0,0.0,0.0
2024-11-19,2024,324,21.93,82.09,0.0,18.2,2.6,83.26,22.47,25.042298516610458,0.0,0.0,0.0,0.0,0.0,0.0,0.0
2024-11-20,2024,325,21.04,80.91,0.0,17.9,2.557142857142857,82.09,21.93,23.67899066746026,0.0,0.0,0.0,0.0,0.0,0.0,0.0
2024-11-21,2024,326,21.21,75.82,0.0,14.360000000000001,2.0514285714285716,80.91,21.04,23.496484410140734,0.0,0.0,0.0,0.0,0.0,0.0,0.0
2024-11-22,2024,327,20.91,80.17,0.0,1.4,0.19999999999999998,75.82,21.21,23.436014589776672,0.0,0.0,0.0,0.0,0.0,0.0,0.0
2024-11-23,2024,328,21.21,76.91,0.0,0.0,0.0,80.17,20.91,23.586859878447953,0.0,0.0,0.0,0.0,0.0,0.0,0.0
2024-11-24,2024,329,21.85,78.39,0.02,0.02,0.002857142857142857,76.91,21.21,24.608711011426074,0.0,0.0,0.0,0.0,0.0,0.0,0.0
2024-11-25,2024,330,20.39,80.11,0.38,0.4,0.05714285714285715,78.39,21.85,22.705870175437223,0.0,0.0,0.0,0.0,0.0,0.0,0.0
2024-11-26,2024,331,20.77,87.33,0.0,0.4,0.05714285714285715,80.11,20.39,23.817994909411357,0.0,0.0,0.0,0.0,0.0,0.0,0.0
2024-11-27,2024,332,21.11,80.4,0.12,0.52,0.07428571428571429,87.33,20.77,23.735513356261997,0.0,0.0,0.0,0.0,0.0,0.0,0.0
2024-11-28,2024,333,21.27,73.76,0.03,0.55,0.07857142857142858,80.4,21.11,23.408190054574884,0.0,0.0,0.0,0.0,0.0,0.0,0.0
2024-11-29,2024,334,21.4,85.66,0.18,0.73,0.10428571428571429,73.76,21.27,24.585410306818353,0.0,0.0,0.0,0.0,0.0,0.0,0.0
2024-11-30,2024,335,21.98,87.69,9.48,10.21,1.4585714285714286,85.66,21.4,25.60064877705249,0.0,0.0,0.0,0.0,0.0,0.0,0.0
2024-12-01,2024,336,21.45,93.29,46.49,56.68000000000001,8.097142857142858,87.69,21.98,25.29939464905929,0.0,0.0,0.0,0.0,0.0,0.0,0.0
2024-12-02,2024,337,21.91,95.34,22.65,78.94999999999999,11.278571428571427,93.29,21.45,26.160226347642354,0.0,0.0,0.0,0.0,0.0,0.0,0.0
2024-12-03,2024,338,22.47,91.12,7.14,86.08999999999999,12.298571428571426,95.34,21.91,26.628039718801347,0.0,0.0,0.0,0.0,0.0,0.0,0.0
2024-12-04,2024,339,22.61,86.84,0.03,85.99999999999999,12.285714285714283,91.12,22.47,26.451106074371634,0.0,0.0,0.0,0.0,0.0,0.0,0.0
2024-12-05,2024,340,22.23,86.74,1.67,87.64,12.52,86.84,22.61,25.88357672737524,0.0,0.0,0.0,0.0,0.0,0.0,0.0
2024-12-06,2024,341,22.12,82.87,0.0,87.46,12.494285714285713,86.74,22.23,25.383376264432563,0.0,0.0,0.0,0.0,0.0,0.0,0.0
2024-12-07,2024,342,22.52,85.23,0.0,77.97999999999999,11.139999999999999,82.87,22.12,26.173873248508215,0.0,0.0,0.0,0.0,0.0,0.0,0.0
2024-12-08,2024,343,21.92,82.94,0.0,31.49,4.498571428571428,85.23,22.52,25.10156771349181,0.0,0.0,0.0,0.0,0.0,0.0,0.0
2024-12-09,2024,344,22.22,84.98,0.0,8.84,1.262857142857143,82.94,21.92,25.713726997365086,0.0,0.0,0.0,0.0,0.0,0.0,0.0
2024-12-10,2024,345,22.35,83.44,0.09,1.79,0.2557142857142857,84.98,22.22,25.76624927159901,0.0,0.0,0.0,0.0,0.0,0.0,0.0
2024-12-11,2024,346,22.14,83.74,1.1,2.8600000000000003,0.40857142857142864,83.44,22.35,25.488561111050164,0.0,0.0,0.0,0.0,0.0,0.0,0.0
2024-12-12,2024,347,20.97,91.52,6.36,7.550000000000001,1.0785714285714287,83.74,22.14,24.447410641293885,0.0,0.0,0.0,0.0,0.0,0.0,0.0
2024-12-13,2024,348,20.72,88.32,0.01,7.5600000000000005,1.08,91.52,20.97,23.826023140927276,0.0,0.0,0.0,0.0,0.0,0.0,0.0
2024-12-14,2024,349,20.27,82.7,0.0,7.5600000000000005,1.08,88.32,20.72,22.742002942710634,0.0,0.0,0.0,0.0,0.0,0.0,0.0
2024-12-15,2024,350,18.09,82.12,0.06,7.620000000000001,1.0885714285714287,82.7,20.27,19.701551011010118,0.0,0.0,0.0,0.0,0.0,0.0,0.0
2024-12-16,2024,351,17.55,77.39,0.0,7.620000000000001,1.0885714285714287,82.12,18.09,18.661797419001765,0.0,0.0,0.0,0.0,0.0,0.0,0.0
2024-12-17,2024,352,20.54,78.45,0.0,7.530000000000001,1.0757142857142858,77.39,17.55,22.782402872093744,0.0,0.0,0.0,0.0,0.0,0.0,0.0
2024-12-18,2024,353,21.68,85.98,0.0,6.430000000000001,0.9185714285714287,78.45,20.54,25.016665845723836,0.0,0.0,0.0,0.0,0.0,0.0,0.0
2024-12-19,2024,354,22.68,84.57,0.0,0.07,0.01,85.98,21.68,26.348581960718192,0.0,0.0,0.0,0.0,0.0,0.0,0.0
2024-12-20,2024,355,22.88,83.86,0.0,0.06,0.008571428571428572,84.57,22.68,26.576774545804597,0.0,0.0,0.0,0.0,0.0,0.0,0.0
2024-12-21,2024,356,23.65,75.71,0.0,0.06,0.008571428571428572,83.86,22.88,26.928878697193735,0.0,0.0,0.0,0.0,0.0,0.0,0.0
2024-12-22,2024,357,22.47,79.25,0.0,0.0,0.0,75.71,23.65,25.56531000565196,0.0,0.0,0.0,0.0,0.0,0.0,0.0
2024-12-23,2024,358,21.67,79.53,0.0,0.0,0.0,79.25,22.47,24.452148248566914,0.0,0.0,0.0,0.0,0.0,0.0,0.0
2024-12-24,2024,359,21.79,75.61,0.0,0.0,0.0,79.53,21.67,24.285225202114795,0.0,0.0,0.0,0.0,0.0,0.0,0.0
2024-12-25,2024,360,22.06,80.69,0.0,0.0,0.0,75.61,21.79,25.106540969169,0.0,0.0,0.0,0.0,0.0,0.0,0.0
2024-12-26,2024,361,22.41,83.63,0.36,0.36,0.05142857142857143,80.69,22.06,25.87025247300015,0.0,0.0,0.0,0.0,0.0,0.0,0.0
2024-12-27,2024,362,21.39,84.17,0.0,0.36,0.05142857142857143,83.63,22.41,24.446108567369038,0.0,0.0,0.0,0.0,0.0,0.0,0.0
2024-12-28,2024,363,20.72,79.75,0.0,0.36,0.05142857142857143,84.17,21.39,23.136500741496267,0.0,0.0,0.0,0.0,0.0,0.0,0.0
2024-12-29,2024,364,20.86,78.45,0.0,0.36,0.05142857142857143,79.75,20.72,23.226430243288775,0.0,0.0,0.0,0.0,0.0,0.0,0.0
2024-12-30,2024,365,21.23,75.27,0.0,0.36,0.05142857142857143,78.45,20.86,23.478529834554333,0.0,0.0,0.0,0.0,0.0,0.0,0.0
2024-12-31,2024,366,20.54,76.28,0.0,0.36,0.05142857142857143,75.27,21.23,22.609732199914735,0.0,0.0,0.0,0.0,0.0,0.0,0.0
